"0","stepAIC(full_regression, direction = ""backward"") 
"
"1","Start:  AIC="
"1",""
"1","110"
"1",""
"1","
"
"1",""
"1","Divorce ~ Q1 + Q2 + Q3 + Q4 + Q5 + Q6 + Q7 + Q8 + Q9 + Q10 + "
"1",""
"1","
    Q11 + Q12 + Q13 + Q14 + Q15 + Q16 + Q17 + Q18 + Q19 + Q20 + "
"1",""
"1","
    Q21 + Q22 + Q23 + Q24 + Q25 + Q26 + Q27 + Q28 + Q29 + Q30 + "
"1",""
"1","
    Q31 + Q32 + Q33 + Q34 + Q35 + Q36 + Q37 + Q38 + Q39 + Q40 + "
"1",""
"1","
    Q41 + Q42 + Q43 + Q44 + Q45 + Q46 + Q47 + Q48 + Q49 + Q50 + "
"1",""
"1","
    Q51 + Q52 + Q53 + Q54"
"1",""
"1","

"
"2","Warning: glm.fit: algorithm did not converge"
"2","Warning: glm.fit: fitted probabilities numerically 0 or 1 occurred"
"2","Warning: glm.fit: algorithm did not converge"
"2","Warning: glm.fit: fitted probabilities numerically 0 or 1 occurred"
"2","Warning: glm.fit: algorithm did not converge"
"2","Warning: glm.fit: fitted probabilities numerically 0 or 1 occurred"
"2","Warning: glm.fit: algorithm did not converge"
"2","Warning: glm.fit: fitted probabilities numerically 0 or 1 occurred"
"2","Warning: glm.fit: algorithm did not converge"
"2","Warning: glm.fit: fitted probabilities numerically 0 or 1 occurred"
"2","Warning: glm.fit: algorithm did not converge"
"2","Warning: glm.fit: fitted probabilities numerically 0 or 1 occurred"
"2","Warning: glm.fit: algorithm did not converge"
"2","Warning: glm.fit: fitted probabilities numerically 0 or 1 occurred"
"2","Warning: glm.fit: algorithm did not converge"
"2","Warning: glm.fit: fitted probabilities numerically 0 or 1 occurred"
"2","Warning: glm.fit: algorithm did not converge"
"2","Warning: glm.fit: fitted probabilities numerically 0 or 1 occurred"
"2","Warning: glm.fit: algorithm did not converge"
"2","Warning: glm.fit: fitted probabilities numerically 0 or 1 occurred"
"2","Warning: glm.fit: algorithm did not converge"
"2","Warning: glm.fit: fitted probabilities numerically 0 or 1 occurred"
"2","Warning: glm.fit: algorithm did not converge"
"2","Warning: glm.fit: fitted probabilities numerically 0 or 1 occurred"
"2","Warning: glm.fit: algorithm did not converge"
"2","Warning: glm.fit: fitted probabilities numerically 0 or 1 occurred"
"2","Warning: glm.fit: algorithm did not converge"
"2","Warning: glm.fit: fitted probabilities numerically 0 or 1 occurred"
"2","Warning: glm.fit: algorithm did not converge"
"2","Warning: glm.fit: fitted probabilities numerically 0 or 1 occurred"
"2","Warning: glm.fit: algorithm did not converge"
"2","Warning: glm.fit: fitted probabilities numerically 0 or 1 occurred"
"2","Warning: glm.fit: algorithm did not converge"
"2","Warning: glm.fit: fitted probabilities numerically 0 or 1 occurred"
"2","Warning: glm.fit: algorithm did not converge"
"2","Warning: glm.fit: fitted probabilities numerically 0 or 1 occurred"
"2","Warning: glm.fit: algorithm did not converge"
"2","Warning: glm.fit: fitted probabilities numerically 0 or 1 occurred"
"2","Warning: glm.fit: algorithm did not converge"
"2","Warning: glm.fit: fitted probabilities numerically 0 or 1 occurred"
"2","Warning: glm.fit: algorithm did not converge"
"2","Warning: glm.fit: fitted probabilities numerically 0 or 1 occurred"
"2","Warning: glm.fit: algorithm did not converge"
"2","Warning: glm.fit: fitted probabilities numerically 0 or 1 occurred"
"2","Warning: glm.fit: algorithm did not converge"
"2","Warning: glm.fit: fitted probabilities numerically 0 or 1 occurred"
"2","Warning: glm.fit: algorithm did not converge"
"2","Warning: glm.fit: fitted probabilities numerically 0 or 1 occurred"
"2","Warning: glm.fit: algorithm did not converge"
"2","Warning: glm.fit: fitted probabilities numerically 0 or 1 occurred"
"2","Warning: glm.fit: algorithm did not converge"
"2","Warning: glm.fit: fitted probabilities numerically 0 or 1 occurred"
"2","Warning: glm.fit: algorithm did not converge"
"2","Warning: glm.fit: fitted probabilities numerically 0 or 1 occurred"
"2","Warning: glm.fit: algorithm did not converge"
"2","Warning: glm.fit: fitted probabilities numerically 0 or 1 occurred"
"2","Warning: glm.fit: algorithm did not converge"
"2","Warning: glm.fit: fitted probabilities numerically 0 or 1 occurred"
"2","Warning: glm.fit: algorithm did not converge"
"2","Warning: glm.fit: fitted probabilities numerically 0 or 1 occurred"
"2","Warning: glm.fit: algorithm did not converge"
"2","Warning: glm.fit: fitted probabilities numerically 0 or 1 occurred"
"2","Warning: glm.fit: algorithm did not converge"
"2","Warning: glm.fit: fitted probabilities numerically 0 or 1 occurred"
"2","Warning: glm.fit: algorithm did not converge"
"2","Warning: glm.fit: fitted probabilities numerically 0 or 1 occurred"
"2","Warning: glm.fit: algorithm did not converge"
"2","Warning: glm.fit: fitted probabilities numerically 0 or 1 occurred"
"2","Warning: glm.fit: algorithm did not converge"
"2","Warning: glm.fit: fitted probabilities numerically 0 or 1 occurred"
"2","Warning: glm.fit: algorithm did not converge"
"2","Warning: glm.fit: fitted probabilities numerically 0 or 1 occurred"
"2","Warning: glm.fit: algorithm did not converge"
"2","Warning: glm.fit: fitted probabilities numerically 0 or 1 occurred"
"2","Warning: glm.fit: algorithm did not converge"
"2","Warning: glm.fit: fitted probabilities numerically 0 or 1 occurred"
"2","Warning: glm.fit: algorithm did not converge"
"2","Warning: glm.fit: fitted probabilities numerically 0 or 1 occurred"
"2","Warning: glm.fit: algorithm did not converge"
"2","Warning: glm.fit: fitted probabilities numerically 0 or 1 occurred"
"2","Warning: glm.fit: algorithm did not converge"
"2","Warning: glm.fit: fitted probabilities numerically 0 or 1 occurred"
"2","Warning: glm.fit: algorithm did not converge"
"2","Warning: glm.fit: fitted probabilities numerically 0 or 1 occurred"
"2","Warning: glm.fit: algorithm did not converge"
"2","Warning: glm.fit: fitted probabilities numerically 0 or 1 occurred"
"2","Warning: glm.fit: algorithm did not converge"
"2","Warning: glm.fit: fitted probabilities numerically 0 or 1 occurred"
"2","Warning: glm.fit: algorithm did not converge"
"2","Warning: glm.fit: fitted probabilities numerically 0 or 1 occurred"
"2","Warning: glm.fit: algorithm did not converge"
"2","Warning: glm.fit: fitted probabilities numerically 0 or 1 occurred"
"2","Warning: glm.fit: algorithm did not converge"
"2","Warning: glm.fit: fitted probabilities numerically 0 or 1 occurred"
"2","Warning: glm.fit: algorithm did not converge"
"2","Warning: glm.fit: fitted probabilities numerically 0 or 1 occurred"
"2","Warning: glm.fit: algorithm did not converge"
"2","Warning: glm.fit: fitted probabilities numerically 0 or 1 occurred"
"2","Warning: glm.fit: algorithm did not converge"
"2","Warning: glm.fit: fitted probabilities numerically 0 or 1 occurred"
"2","Warning: glm.fit: algorithm did not converge"
"2","Warning: glm.fit: fitted probabilities numerically 0 or 1 occurred"
"2","Warning: glm.fit: algorithm did not converge"
"2","Warning: glm.fit: fitted probabilities numerically 0 or 1 occurred"
"2","Warning: glm.fit: algorithm did not converge"
"2","Warning: glm.fit: fitted probabilities numerically 0 or 1 occurred"
"2","Warning: glm.fit: algorithm did not converge"
"2","Warning: glm.fit: fitted probabilities numerically 0 or 1 occurred"
"1","      "
"1"," Df"
"1","   Deviance"
"1"," AIC"
"1","
- Q25 "
"1","  1"
"1"," 1.4643e-09"
"1"," 108"
"1","
- Q13 "
"1","  1"
"1"," 1.4646e-09"
"1"," 108"
"1","
- Q21 "
"1","  1"
"1"," 1.4647e-09"
"1"," 108"
"1","
- Q31 "
"1","  1"
"1"," 1.4648e-09"
"1"," 108"
"1","
- Q3  "
"1","  1"
"1"," 1.4651e-09"
"1"," 108"
"1","
- Q16 "
"1","  1"
"1"," 1.4654e-09"
"1"," 108"
"1","
- Q34 "
"1","  1"
"1"," 1.4655e-09"
"1"," 108"
"1","
- Q36 "
"1","  1"
"1"," 1.4656e-09"
"1"," 108"
"1","
- Q9  "
"1","  1"
"1"," 1.4659e-09"
"1"," 108"
"1","
- Q30 "
"1","  1"
"1"," 1.4661e-09"
"1"," 108"
"1","
- Q32 "
"1","  1"
"1"," 1.4661e-09"
"1"," 108"
"1","
- Q50 "
"1","  1"
"1"," 1.4662e-09"
"1"," 108"
"1","
- Q5  "
"1","  1"
"1"," 1.4662e-09"
"1"," 108"
"1","
- Q53 "
"1","  1"
"1"," 1.4662e-09"
"1"," 108"
"1","
- Q35 "
"1","  1"
"1"," 1.4662e-09"
"1"," 108"
"1","
- Q8  "
"1","  1"
"1"," 1.4664e-09"
"1"," 108"
"1","
- Q42 "
"1","  1"
"1"," 1.4665e-09"
"1"," 108"
"1","
- Q29 "
"1","  1"
"1"," 1.4666e-09"
"1"," 108"
"1","
- Q1  "
"1","  1"
"1"," 1.4666e-09"
"1"," 108"
"1","
- Q20 "
"1","  1"
"1"," 1.4672e-09"
"1"," 108"
"1","
- Q41 "
"1","  1"
"1"," 1.4676e-09"
"1"," 108"
"1","
- Q18 "
"1","  1"
"1"," 1.4678e-09"
"1"," 108"
"1","
- Q19 "
"1","  1"
"1"," 1.4682e-09"
"1"," 108"
"1","
- Q38 "
"1","  1"
"1"," 1.4693e-09"
"1"," 108"
"1","
- Q27 "
"1","  1"
"1"," 1.4697e-09"
"1"," 108"
"1","
- Q7  "
"1","  1"
"1"," 1.4700e-09"
"1"," 108"
"1","
- Q39 "
"1","  1"
"1"," 1.4713e-09"
"1"," 108"
"1","
- Q44 "
"1","  1"
"1"," 1.4713e-09"
"1"," 108"
"1","
- Q2  "
"1","  1"
"1"," 1.4714e-09"
"1"," 108"
"1","
- Q33 "
"1","  1"
"1"," 1.4715e-09"
"1"," 108"
"1","
- Q11 "
"1","  1"
"1"," 1.4730e-09"
"1"," 108"
"1","
- Q51 "
"1","  1"
"1"," 1.4740e-09"
"1"," 108"
"1","
- Q37 "
"1","  1"
"1"," 1.4742e-09"
"1"," 108"
"1","
- Q15 "
"1","  1"
"1"," 1.4761e-09"
"1"," 108"
"1","
- Q12 "
"1","  1"
"1"," 1.4797e-09"
"1"," 108"
"1","
- Q10 "
"1","  1"
"1"," 1.4800e-09"
"1"," 108"
"1","
- Q22 "
"1","  1"
"1"," 1.4805e-09"
"1"," 108"
"1","
- Q45 "
"1","  1"
"1"," 1.4819e-09"
"1"," 108"
"1","
- Q49 "
"1","  1"
"1"," 1.4836e-09"
"1"," 108"
"1","
- Q17 "
"1","  1"
"1"," 1.4848e-09"
"1"," 108"
"1","
- Q23 "
"1","  1"
"1"," 1.4862e-09"
"1"," 108"
"1","
- Q47 "
"1","  1"
"1"," 1.4870e-09"
"1"," 108"
"1","
- Q6  "
"1","  1"
"1"," 1.4878e-09"
"1"," 108"
"1","
- Q4  "
"1","  1"
"1"," 1.4882e-09"
"1"," 108"
"1","
- Q14 "
"1","  1"
"1"," 1.4888e-09"
"1"," 108"
"1","
- Q54 "
"1","  1"
"1"," 1.4921e-09"
"1"," 108"
"1","
- Q24 "
"1","  1"
"1"," 1.4923e-09"
"1"," 108"
"1","
- Q46 "
"1","  1"
"1"," 1.4931e-09"
"1"," 108"
"1","
- Q28 "
"1","  1"
"1"," 1.4941e-09"
"1"," 108"
"1","
- Q26 "
"1","  1"
"1"," 1.4951e-09"
"1"," 108"
"1","
- Q43 "
"1","  1"
"1"," 1.4969e-09"
"1"," 108"
"1","
- Q48 "
"1","  1"
"1"," 1.5075e-09"
"1"," 108"
"1","
- Q52 "
"1","  1"
"1"," 1.5325e-09"
"1"," 108"
"1","
- Q40 "
"1","  1"
"1"," 1.5522e-09"
"1"," 108"
"1","
<none>"
"1","   "
"1"," 1.4647e-09"
"1"," 110"
"1","
"
"2","Warning: glm.fit: algorithm did not converge"
"2","Warning: glm.fit: fitted probabilities numerically 0 or 1 occurred"
"1","
Step:  AIC="
"1",""
"1","108"
"1",""
"1","
"
"1",""
"1","Divorce ~ Q1 + Q2 + Q3 + Q4 + Q5 + Q6 + Q7 + Q8 + Q9 + Q10 + "
"1",""
"1","
    Q11 + Q12 + Q13 + Q14 + Q15 + Q16 + Q17 + Q18 + Q19 + Q20 + "
"1",""
"1","
    Q21 + Q22 + Q23 + Q24 + Q26 + Q27 + Q28 + Q29 + Q30 + Q31 + "
"1",""
"1","
    Q32 + Q33 + Q34 + Q35 + Q36 + Q37 + Q38 + Q39 + Q40 + Q41 + "
"1",""
"1","
    Q42 + Q43 + Q44 + Q45 + Q46 + Q47 + Q48 + Q49 + Q50 + Q51 + "
"1",""
"1","
    Q52 + Q53 + Q54"
"1",""
"1","

"
"2","Warning: glm.fit: algorithm did not converge"
"2","Warning: glm.fit: fitted probabilities numerically 0 or 1 occurred"
"2","Warning: glm.fit: algorithm did not converge"
"2","Warning: glm.fit: fitted probabilities numerically 0 or 1 occurred"
"2","Warning: glm.fit: algorithm did not converge"
"2","Warning: glm.fit: fitted probabilities numerically 0 or 1 occurred"
"2","Warning: glm.fit: algorithm did not converge"
"2","Warning: glm.fit: fitted probabilities numerically 0 or 1 occurred"
"2","Warning: glm.fit: algorithm did not converge"
"2","Warning: glm.fit: fitted probabilities numerically 0 or 1 occurred"
"2","Warning: glm.fit: algorithm did not converge"
"2","Warning: glm.fit: fitted probabilities numerically 0 or 1 occurred"
"2","Warning: glm.fit: algorithm did not converge"
"2","Warning: glm.fit: fitted probabilities numerically 0 or 1 occurred"
"2","Warning: glm.fit: algorithm did not converge"
"2","Warning: glm.fit: fitted probabilities numerically 0 or 1 occurred"
"2","Warning: glm.fit: algorithm did not converge"
"2","Warning: glm.fit: fitted probabilities numerically 0 or 1 occurred"
"2","Warning: glm.fit: algorithm did not converge"
"2","Warning: glm.fit: fitted probabilities numerically 0 or 1 occurred"
"2","Warning: glm.fit: algorithm did not converge"
"2","Warning: glm.fit: fitted probabilities numerically 0 or 1 occurred"
"2","Warning: glm.fit: algorithm did not converge"
"2","Warning: glm.fit: fitted probabilities numerically 0 or 1 occurred"
"2","Warning: glm.fit: algorithm did not converge"
"2","Warning: glm.fit: fitted probabilities numerically 0 or 1 occurred"
"2","Warning: glm.fit: algorithm did not converge"
"2","Warning: glm.fit: fitted probabilities numerically 0 or 1 occurred"
"2","Warning: glm.fit: algorithm did not converge"
"2","Warning: glm.fit: fitted probabilities numerically 0 or 1 occurred"
"2","Warning: glm.fit: algorithm did not converge"
"2","Warning: glm.fit: fitted probabilities numerically 0 or 1 occurred"
"2","Warning: glm.fit: algorithm did not converge"
"2","Warning: glm.fit: fitted probabilities numerically 0 or 1 occurred"
"2","Warning: glm.fit: algorithm did not converge"
"2","Warning: glm.fit: fitted probabilities numerically 0 or 1 occurred"
"2","Warning: glm.fit: algorithm did not converge"
"2","Warning: glm.fit: fitted probabilities numerically 0 or 1 occurred"
"2","Warning: glm.fit: algorithm did not converge"
"2","Warning: glm.fit: fitted probabilities numerically 0 or 1 occurred"
"2","Warning: glm.fit: algorithm did not converge"
"2","Warning: glm.fit: fitted probabilities numerically 0 or 1 occurred"
"2","Warning: glm.fit: algorithm did not converge"
"2","Warning: glm.fit: fitted probabilities numerically 0 or 1 occurred"
"2","Warning: glm.fit: algorithm did not converge"
"2","Warning: glm.fit: fitted probabilities numerically 0 or 1 occurred"
"2","Warning: glm.fit: algorithm did not converge"
"2","Warning: glm.fit: fitted probabilities numerically 0 or 1 occurred"
"2","Warning: glm.fit: algorithm did not converge"
"2","Warning: glm.fit: fitted probabilities numerically 0 or 1 occurred"
"2","Warning: glm.fit: algorithm did not converge"
"2","Warning: glm.fit: fitted probabilities numerically 0 or 1 occurred"
"2","Warning: glm.fit: algorithm did not converge"
"2","Warning: glm.fit: fitted probabilities numerically 0 or 1 occurred"
"2","Warning: glm.fit: algorithm did not converge"
"2","Warning: glm.fit: fitted probabilities numerically 0 or 1 occurred"
"2","Warning: glm.fit: algorithm did not converge"
"2","Warning: glm.fit: fitted probabilities numerically 0 or 1 occurred"
"2","Warning: glm.fit: algorithm did not converge"
"2","Warning: glm.fit: fitted probabilities numerically 0 or 1 occurred"
"2","Warning: glm.fit: algorithm did not converge"
"2","Warning: glm.fit: fitted probabilities numerically 0 or 1 occurred"
"2","Warning: glm.fit: algorithm did not converge"
"2","Warning: glm.fit: fitted probabilities numerically 0 or 1 occurred"
"2","Warning: glm.fit: algorithm did not converge"
"2","Warning: glm.fit: fitted probabilities numerically 0 or 1 occurred"
"2","Warning: glm.fit: algorithm did not converge"
"2","Warning: glm.fit: fitted probabilities numerically 0 or 1 occurred"
"2","Warning: glm.fit: algorithm did not converge"
"2","Warning: glm.fit: fitted probabilities numerically 0 or 1 occurred"
"2","Warning: glm.fit: algorithm did not converge"
"2","Warning: glm.fit: fitted probabilities numerically 0 or 1 occurred"
"2","Warning: glm.fit: algorithm did not converge"
"2","Warning: glm.fit: fitted probabilities numerically 0 or 1 occurred"
"2","Warning: glm.fit: algorithm did not converge"
"2","Warning: glm.fit: fitted probabilities numerically 0 or 1 occurred"
"2","Warning: glm.fit: algorithm did not converge"
"2","Warning: glm.fit: fitted probabilities numerically 0 or 1 occurred"
"2","Warning: glm.fit: algorithm did not converge"
"2","Warning: glm.fit: fitted probabilities numerically 0 or 1 occurred"
"2","Warning: glm.fit: algorithm did not converge"
"2","Warning: glm.fit: fitted probabilities numerically 0 or 1 occurred"
"2","Warning: glm.fit: algorithm did not converge"
"2","Warning: glm.fit: fitted probabilities numerically 0 or 1 occurred"
"2","Warning: glm.fit: algorithm did not converge"
"2","Warning: glm.fit: fitted probabilities numerically 0 or 1 occurred"
"2","Warning: glm.fit: algorithm did not converge"
"2","Warning: glm.fit: fitted probabilities numerically 0 or 1 occurred"
"2","Warning: glm.fit: algorithm did not converge"
"2","Warning: glm.fit: fitted probabilities numerically 0 or 1 occurred"
"2","Warning: glm.fit: algorithm did not converge"
"2","Warning: glm.fit: fitted probabilities numerically 0 or 1 occurred"
"2","Warning: glm.fit: algorithm did not converge"
"2","Warning: glm.fit: fitted probabilities numerically 0 or 1 occurred"
"2","Warning: glm.fit: algorithm did not converge"
"2","Warning: glm.fit: fitted probabilities numerically 0 or 1 occurred"
"2","Warning: glm.fit: algorithm did not converge"
"2","Warning: glm.fit: fitted probabilities numerically 0 or 1 occurred"
"2","Warning: glm.fit: algorithm did not converge"
"2","Warning: glm.fit: fitted probabilities numerically 0 or 1 occurred"
"2","Warning: glm.fit: algorithm did not converge"
"2","Warning: glm.fit: fitted probabilities numerically 0 or 1 occurred"
"2","Warning: glm.fit: algorithm did not converge"
"2","Warning: glm.fit: fitted probabilities numerically 0 or 1 occurred"
"2","Warning: glm.fit: algorithm did not converge"
"2","Warning: glm.fit: fitted probabilities numerically 0 or 1 occurred"
"1","      "
"1"," Df"
"1","   Deviance"
"1"," AIC"
"1","
- Q16 "
"1","  1"
"1"," 1.4644e-09"
"1"," 106"
"1","
- Q13 "
"1","  1"
"1"," 1.4646e-09"
"1"," 106"
"1","
- Q3  "
"1","  1"
"1"," 1.4650e-09"
"1"," 106"
"1","
- Q21 "
"1","  1"
"1"," 1.4650e-09"
"1"," 106"
"1","
- Q36 "
"1","  1"
"1"," 1.4651e-09"
"1"," 106"
"1","
- Q31 "
"1","  1"
"1"," 1.4651e-09"
"1"," 106"
"1","
- Q29 "
"1","  1"
"1"," 1.4659e-09"
"1"," 106"
"1","
- Q35 "
"1","  1"
"1"," 1.4659e-09"
"1"," 106"
"1","
- Q34 "
"1","  1"
"1"," 1.4662e-09"
"1"," 106"
"1","
- Q30 "
"1","  1"
"1"," 1.4663e-09"
"1"," 106"
"1","
- Q53 "
"1","  1"
"1"," 1.4664e-09"
"1"," 106"
"1","
- Q1  "
"1","  1"
"1"," 1.4666e-09"
"1"," 106"
"1","
- Q9  "
"1","  1"
"1"," 1.4667e-09"
"1"," 106"
"1","
- Q50 "
"1","  1"
"1"," 1.4670e-09"
"1"," 106"
"1","
- Q5  "
"1","  1"
"1"," 1.4672e-09"
"1"," 106"
"1","
- Q18 "
"1","  1"
"1"," 1.4672e-09"
"1"," 106"
"1","
- Q20 "
"1","  1"
"1"," 1.4672e-09"
"1"," 106"
"1","
- Q42 "
"1","  1"
"1"," 1.4673e-09"
"1"," 106"
"1","
- Q32 "
"1","  1"
"1"," 1.4674e-09"
"1"," 106"
"1","
- Q41 "
"1","  1"
"1"," 1.4680e-09"
"1"," 106"
"1","
- Q19 "
"1","  1"
"1"," 1.4685e-09"
"1"," 106"
"1","
- Q38 "
"1","  1"
"1"," 1.4685e-09"
"1"," 106"
"1","
- Q2  "
"1","  1"
"1"," 1.4702e-09"
"1"," 106"
"1","
- Q44 "
"1","  1"
"1"," 1.4711e-09"
"1"," 106"
"1","
- Q27 "
"1","  1"
"1"," 1.4712e-09"
"1"," 106"
"1","
- Q8  "
"1","  1"
"1"," 1.4714e-09"
"1"," 106"
"1","
- Q33 "
"1","  1"
"1"," 1.4730e-09"
"1"," 106"
"1","
- Q51 "
"1","  1"
"1"," 1.4739e-09"
"1"," 106"
"1","
- Q39 "
"1","  1"
"1"," 1.4741e-09"
"1"," 106"
"1","
- Q7  "
"1","  1"
"1"," 1.4751e-09"
"1"," 106"
"1","
- Q15 "
"1","  1"
"1"," 1.4789e-09"
"1"," 106"
"1","
- Q37 "
"1","  1"
"1"," 1.4792e-09"
"1"," 106"
"1","
- Q12 "
"1","  1"
"1"," 1.4800e-09"
"1"," 106"
"1","
- Q11 "
"1","  1"
"1"," 1.4806e-09"
"1"," 106"
"1","
- Q45 "
"1","  1"
"1"," 1.4832e-09"
"1"," 106"
"1","
- Q22 "
"1","  1"
"1"," 1.4838e-09"
"1"," 106"
"1","
- Q17 "
"1","  1"
"1"," 1.4847e-09"
"1"," 106"
"1","
- Q6  "
"1","  1"
"1"," 1.4897e-09"
"1"," 106"
"1","
- Q14 "
"1","  1"
"1"," 1.4912e-09"
"1"," 106"
"1","
- Q4  "
"1","  1"
"1"," 1.4913e-09"
"1"," 106"
"1","
- Q54 "
"1","  1"
"1"," 1.4916e-09"
"1"," 106"
"1","
- Q24 "
"1","  1"
"1"," 1.4936e-09"
"1"," 106"
"1","
- Q47 "
"1","  1"
"1"," 1.4944e-09"
"1"," 106"
"1","
- Q49 "
"1","  1"
"1"," 1.4946e-09"
"1"," 106"
"1","
- Q26 "
"1","  1"
"1"," 1.4949e-09"
"1"," 106"
"1","
- Q10 "
"1","  1"
"1"," 1.4965e-09"
"1"," 106"
"1","
- Q43 "
"1","  1"
"1"," 1.4988e-09"
"1"," 106"
"1","
- Q23 "
"1","  1"
"1"," 1.5076e-09"
"1"," 106"
"1","
- Q48 "
"1","  1"
"1"," 1.5097e-09"
"1"," 106"
"1","
- Q28 "
"1","  1"
"1"," 1.5103e-09"
"1"," 106"
"1","
- Q46 "
"1","  1"
"1"," 1.5150e-09"
"1"," 106"
"1","
- Q52 "
"1","  1"
"1"," 1.5305e-09"
"1"," 106"
"1","
- Q40 "
"1","  1"
"1"," 1.5921e-09"
"1"," 106"
"1","
<none>"
"1","   "
"1"," 1.4643e-09"
"1"," 108"
"1","
"
"2","Warning: glm.fit: algorithm did not converge"
"2","Warning: glm.fit: fitted probabilities numerically 0 or 1 occurred"
"1","
Step:  AIC="
"1",""
"1","106"
"1",""
"1","
"
"1",""
"1","Divorce ~ Q1 + Q2 + Q3 + Q4 + Q5 + Q6 + Q7 + Q8 + Q9 + Q10 + "
"1",""
"1","
    Q11 + Q12 + Q13 + Q14 + Q15 + Q17 + Q18 + Q19 + Q20 + Q21 + "
"1",""
"1","
    Q22 + Q23 + Q24 + Q26 + Q27 + Q28 + Q29 + Q30 + Q31 + Q32 + "
"1",""
"1","
    Q33 + Q34 + Q35 + Q36 + Q37 + Q38 + Q39 + Q40 + Q41 + Q42 + "
"1",""
"1","
    Q43 + Q44 + Q45 + Q46 + Q47 + Q48 + Q49 + Q50 + Q51 + Q52 + "
"1",""
"1","
    Q53 + Q54"
"1",""
"1","

"
"2","Warning: glm.fit: algorithm did not converge"
"2","Warning: glm.fit: fitted probabilities numerically 0 or 1 occurred"
"2","Warning: glm.fit: algorithm did not converge"
"2","Warning: glm.fit: fitted probabilities numerically 0 or 1 occurred"
"2","Warning: glm.fit: algorithm did not converge"
"2","Warning: glm.fit: fitted probabilities numerically 0 or 1 occurred"
"2","Warning: glm.fit: algorithm did not converge"
"2","Warning: glm.fit: fitted probabilities numerically 0 or 1 occurred"
"2","Warning: glm.fit: algorithm did not converge"
"2","Warning: glm.fit: fitted probabilities numerically 0 or 1 occurred"
"2","Warning: glm.fit: algorithm did not converge"
"2","Warning: glm.fit: fitted probabilities numerically 0 or 1 occurred"
"2","Warning: glm.fit: algorithm did not converge"
"2","Warning: glm.fit: fitted probabilities numerically 0 or 1 occurred"
"2","Warning: glm.fit: algorithm did not converge"
"2","Warning: glm.fit: fitted probabilities numerically 0 or 1 occurred"
"2","Warning: glm.fit: algorithm did not converge"
"2","Warning: glm.fit: fitted probabilities numerically 0 or 1 occurred"
"2","Warning: glm.fit: algorithm did not converge"
"2","Warning: glm.fit: fitted probabilities numerically 0 or 1 occurred"
"2","Warning: glm.fit: algorithm did not converge"
"2","Warning: glm.fit: fitted probabilities numerically 0 or 1 occurred"
"2","Warning: glm.fit: algorithm did not converge"
"2","Warning: glm.fit: fitted probabilities numerically 0 or 1 occurred"
"2","Warning: glm.fit: algorithm did not converge"
"2","Warning: glm.fit: fitted probabilities numerically 0 or 1 occurred"
"2","Warning: glm.fit: algorithm did not converge"
"2","Warning: glm.fit: fitted probabilities numerically 0 or 1 occurred"
"2","Warning: glm.fit: algorithm did not converge"
"2","Warning: glm.fit: fitted probabilities numerically 0 or 1 occurred"
"2","Warning: glm.fit: algorithm did not converge"
"2","Warning: glm.fit: fitted probabilities numerically 0 or 1 occurred"
"2","Warning: glm.fit: algorithm did not converge"
"2","Warning: glm.fit: fitted probabilities numerically 0 or 1 occurred"
"2","Warning: glm.fit: algorithm did not converge"
"2","Warning: glm.fit: fitted probabilities numerically 0 or 1 occurred"
"2","Warning: glm.fit: algorithm did not converge"
"2","Warning: glm.fit: fitted probabilities numerically 0 or 1 occurred"
"2","Warning: glm.fit: algorithm did not converge"
"2","Warning: glm.fit: fitted probabilities numerically 0 or 1 occurred"
"2","Warning: glm.fit: algorithm did not converge"
"2","Warning: glm.fit: fitted probabilities numerically 0 or 1 occurred"
"2","Warning: glm.fit: algorithm did not converge"
"2","Warning: glm.fit: fitted probabilities numerically 0 or 1 occurred"
"2","Warning: glm.fit: algorithm did not converge"
"2","Warning: glm.fit: fitted probabilities numerically 0 or 1 occurred"
"2","Warning: glm.fit: algorithm did not converge"
"2","Warning: glm.fit: fitted probabilities numerically 0 or 1 occurred"
"2","Warning: glm.fit: algorithm did not converge"
"2","Warning: glm.fit: fitted probabilities numerically 0 or 1 occurred"
"2","Warning: glm.fit: algorithm did not converge"
"2","Warning: glm.fit: fitted probabilities numerically 0 or 1 occurred"
"2","Warning: glm.fit: algorithm did not converge"
"2","Warning: glm.fit: fitted probabilities numerically 0 or 1 occurred"
"2","Warning: glm.fit: algorithm did not converge"
"2","Warning: glm.fit: fitted probabilities numerically 0 or 1 occurred"
"2","Warning: glm.fit: algorithm did not converge"
"2","Warning: glm.fit: fitted probabilities numerically 0 or 1 occurred"
"2","Warning: glm.fit: algorithm did not converge"
"2","Warning: glm.fit: fitted probabilities numerically 0 or 1 occurred"
"2","Warning: glm.fit: algorithm did not converge"
"2","Warning: glm.fit: fitted probabilities numerically 0 or 1 occurred"
"2","Warning: glm.fit: algorithm did not converge"
"2","Warning: glm.fit: fitted probabilities numerically 0 or 1 occurred"
"2","Warning: glm.fit: algorithm did not converge"
"2","Warning: glm.fit: fitted probabilities numerically 0 or 1 occurred"
"2","Warning: glm.fit: algorithm did not converge"
"2","Warning: glm.fit: fitted probabilities numerically 0 or 1 occurred"
"2","Warning: glm.fit: algorithm did not converge"
"2","Warning: glm.fit: fitted probabilities numerically 0 or 1 occurred"
"2","Warning: glm.fit: algorithm did not converge"
"2","Warning: glm.fit: fitted probabilities numerically 0 or 1 occurred"
"2","Warning: glm.fit: algorithm did not converge"
"2","Warning: glm.fit: fitted probabilities numerically 0 or 1 occurred"
"2","Warning: glm.fit: algorithm did not converge"
"2","Warning: glm.fit: fitted probabilities numerically 0 or 1 occurred"
"2","Warning: glm.fit: algorithm did not converge"
"2","Warning: glm.fit: fitted probabilities numerically 0 or 1 occurred"
"2","Warning: glm.fit: algorithm did not converge"
"2","Warning: glm.fit: fitted probabilities numerically 0 or 1 occurred"
"2","Warning: glm.fit: algorithm did not converge"
"2","Warning: glm.fit: fitted probabilities numerically 0 or 1 occurred"
"2","Warning: glm.fit: algorithm did not converge"
"2","Warning: glm.fit: fitted probabilities numerically 0 or 1 occurred"
"2","Warning: glm.fit: algorithm did not converge"
"2","Warning: glm.fit: fitted probabilities numerically 0 or 1 occurred"
"2","Warning: glm.fit: algorithm did not converge"
"2","Warning: glm.fit: fitted probabilities numerically 0 or 1 occurred"
"2","Warning: glm.fit: algorithm did not converge"
"2","Warning: glm.fit: fitted probabilities numerically 0 or 1 occurred"
"2","Warning: glm.fit: algorithm did not converge"
"2","Warning: glm.fit: fitted probabilities numerically 0 or 1 occurred"
"2","Warning: glm.fit: algorithm did not converge"
"2","Warning: glm.fit: fitted probabilities numerically 0 or 1 occurred"
"2","Warning: glm.fit: algorithm did not converge"
"2","Warning: glm.fit: fitted probabilities numerically 0 or 1 occurred"
"2","Warning: glm.fit: algorithm did not converge"
"2","Warning: glm.fit: fitted probabilities numerically 0 or 1 occurred"
"2","Warning: glm.fit: algorithm did not converge"
"2","Warning: glm.fit: fitted probabilities numerically 0 or 1 occurred"
"2","Warning: glm.fit: algorithm did not converge"
"2","Warning: glm.fit: fitted probabilities numerically 0 or 1 occurred"
"2","Warning: glm.fit: algorithm did not converge"
"2","Warning: glm.fit: fitted probabilities numerically 0 or 1 occurred"
"1","      "
"1"," Df"
"1","   Deviance"
"1"," AIC"
"1","
- Q13 "
"1","  1"
"1"," 1.4646e-09"
"1"," 104"
"1","
- Q21 "
"1","  1"
"1"," 1.4651e-09"
"1"," 104"
"1","
- Q36 "
"1","  1"
"1"," 1.4651e-09"
"1"," 104"
"1","
- Q3  "
"1","  1"
"1"," 1.4652e-09"
"1"," 104"
"1","
- Q31 "
"1","  1"
"1"," 1.4655e-09"
"1"," 104"
"1","
- Q29 "
"1","  1"
"1"," 1.4661e-09"
"1"," 104"
"1","
- Q35 "
"1","  1"
"1"," 1.4661e-09"
"1"," 104"
"1","
- Q30 "
"1","  1"
"1"," 1.4664e-09"
"1"," 104"
"1","
- Q34 "
"1","  1"
"1"," 1.4665e-09"
"1"," 104"
"1","
- Q53 "
"1","  1"
"1"," 1.4666e-09"
"1"," 104"
"1","
- Q9  "
"1","  1"
"1"," 1.4666e-09"
"1"," 104"
"1","
- Q1  "
"1","  1"
"1"," 1.4668e-09"
"1"," 104"
"1","
- Q42 "
"1","  1"
"1"," 1.4671e-09"
"1"," 104"
"1","
- Q5  "
"1","  1"
"1"," 1.4672e-09"
"1"," 104"
"1","
- Q50 "
"1","  1"
"1"," 1.4672e-09"
"1"," 104"
"1","
- Q18 "
"1","  1"
"1"," 1.4674e-09"
"1"," 104"
"1","
- Q32 "
"1","  1"
"1"," 1.4676e-09"
"1"," 104"
"1","
- Q41 "
"1","  1"
"1"," 1.4682e-09"
"1"," 104"
"1","
- Q38 "
"1","  1"
"1"," 1.4686e-09"
"1"," 104"
"1","
- Q19 "
"1","  1"
"1"," 1.4686e-09"
"1"," 104"
"1","
- Q2  "
"1","  1"
"1"," 1.4703e-09"
"1"," 104"
"1","
- Q8  "
"1","  1"
"1"," 1.4714e-09"
"1"," 104"
"1","
- Q27 "
"1","  1"
"1"," 1.4715e-09"
"1"," 104"
"1","
- Q20 "
"1","  1"
"1"," 1.4717e-09"
"1"," 104"
"1","
- Q44 "
"1","  1"
"1"," 1.4728e-09"
"1"," 104"
"1","
- Q51 "
"1","  1"
"1"," 1.4738e-09"
"1"," 104"
"1","
- Q33 "
"1","  1"
"1"," 1.4738e-09"
"1"," 104"
"1","
- Q39 "
"1","  1"
"1"," 1.4743e-09"
"1"," 104"
"1","
- Q7  "
"1","  1"
"1"," 1.4782e-09"
"1"," 104"
"1","
- Q15 "
"1","  1"
"1"," 1.4794e-09"
"1"," 104"
"1","
- Q12 "
"1","  1"
"1"," 1.4805e-09"
"1"," 104"
"1","
- Q11 "
"1","  1"
"1"," 1.4807e-09"
"1"," 104"
"1","
- Q37 "
"1","  1"
"1"," 1.4823e-09"
"1"," 104"
"1","
- Q45 "
"1","  1"
"1"," 1.4837e-09"
"1"," 104"
"1","
- Q17 "
"1","  1"
"1"," 1.4854e-09"
"1"," 104"
"1","
- Q22 "
"1","  1"
"1"," 1.4885e-09"
"1"," 104"
"1","
- Q4  "
"1","  1"
"1"," 1.4918e-09"
"1"," 104"
"1","
- Q6  "
"1","  1"
"1"," 1.4927e-09"
"1"," 104"
"1","
- Q47 "
"1","  1"
"1"," 1.4935e-09"
"1"," 104"
"1","
- Q24 "
"1","  1"
"1"," 1.4939e-09"
"1"," 104"
"1","
- Q49 "
"1","  1"
"1"," 1.4942e-09"
"1"," 104"
"1","
- Q54 "
"1","  1"
"1"," 1.4950e-09"
"1"," 104"
"1","
- Q10 "
"1","  1"
"1"," 1.4966e-09"
"1"," 104"
"1","
- Q26 "
"1","  1"
"1"," 1.4991e-09"
"1"," 104"
"1","
- Q43 "
"1","  1"
"1"," 1.4992e-09"
"1"," 104"
"1","
- Q48 "
"1","  1"
"1"," 1.5105e-09"
"1"," 104"
"1","
- Q28 "
"1","  1"
"1"," 1.5111e-09"
"1"," 104"
"1","
- Q23 "
"1","  1"
"1"," 1.5125e-09"
"1"," 104"
"1","
- Q14 "
"1","  1"
"1"," 1.5128e-09"
"1"," 104"
"1","
- Q46 "
"1","  1"
"1"," 1.5178e-09"
"1"," 104"
"1","
- Q52 "
"1","  1"
"1"," 1.5305e-09"
"1"," 104"
"1","
- Q40 "
"1","  1"
"1"," 1.5922e-09"
"1"," 104"
"1","
<none>"
"1","   "
"1"," 1.4644e-09"
"1"," 106"
"1","
"
"2","Warning: glm.fit: algorithm did not converge"
"2","Warning: glm.fit: fitted probabilities numerically 0 or 1 occurred"
"1","
Step:  AIC="
"1",""
"1","104"
"1",""
"1","
"
"1",""
"1","Divorce ~ Q1 + Q2 + Q3 + Q4 + Q5 + Q6 + Q7 + Q8 + Q9 + Q10 + "
"1",""
"1","
    Q11 + Q12 + Q14 + Q15 + Q17 + Q18 + Q19 + Q20 + Q21 + Q22 + "
"1",""
"1","
    Q23 + Q24 + Q26 + Q27 + Q28 + Q29 + Q30 + Q31 + Q32 + Q33 + "
"1",""
"1","
    Q34 + Q35 + Q36 + Q37 + Q38 + Q39 + Q40 + Q41 + Q42 + Q43 + "
"1",""
"1","
    Q44 + Q45 + Q46 + Q47 + Q48 + Q49 + Q50 + Q51 + Q52 + Q53 + "
"1",""
"1","
    Q54"
"1",""
"1","

"
"2","Warning: glm.fit: algorithm did not converge"
"2","Warning: glm.fit: fitted probabilities numerically 0 or 1 occurred"
"2","Warning: glm.fit: algorithm did not converge"
"2","Warning: glm.fit: fitted probabilities numerically 0 or 1 occurred"
"2","Warning: glm.fit: algorithm did not converge"
"2","Warning: glm.fit: fitted probabilities numerically 0 or 1 occurred"
"2","Warning: glm.fit: algorithm did not converge"
"2","Warning: glm.fit: fitted probabilities numerically 0 or 1 occurred"
"2","Warning: glm.fit: algorithm did not converge"
"2","Warning: glm.fit: fitted probabilities numerically 0 or 1 occurred"
"2","Warning: glm.fit: algorithm did not converge"
"2","Warning: glm.fit: fitted probabilities numerically 0 or 1 occurred"
"2","Warning: glm.fit: algorithm did not converge"
"2","Warning: glm.fit: fitted probabilities numerically 0 or 1 occurred"
"2","Warning: glm.fit: algorithm did not converge"
"2","Warning: glm.fit: fitted probabilities numerically 0 or 1 occurred"
"2","Warning: glm.fit: algorithm did not converge"
"2","Warning: glm.fit: fitted probabilities numerically 0 or 1 occurred"
"2","Warning: glm.fit: algorithm did not converge"
"2","Warning: glm.fit: fitted probabilities numerically 0 or 1 occurred"
"2","Warning: glm.fit: algorithm did not converge"
"2","Warning: glm.fit: fitted probabilities numerically 0 or 1 occurred"
"2","Warning: glm.fit: algorithm did not converge"
"2","Warning: glm.fit: fitted probabilities numerically 0 or 1 occurred"
"2","Warning: glm.fit: algorithm did not converge"
"2","Warning: glm.fit: fitted probabilities numerically 0 or 1 occurred"
"2","Warning: glm.fit: algorithm did not converge"
"2","Warning: glm.fit: fitted probabilities numerically 0 or 1 occurred"
"2","Warning: glm.fit: algorithm did not converge"
"2","Warning: glm.fit: fitted probabilities numerically 0 or 1 occurred"
"2","Warning: glm.fit: algorithm did not converge"
"2","Warning: glm.fit: fitted probabilities numerically 0 or 1 occurred"
"2","Warning: glm.fit: algorithm did not converge"
"2","Warning: glm.fit: fitted probabilities numerically 0 or 1 occurred"
"2","Warning: glm.fit: algorithm did not converge"
"2","Warning: glm.fit: fitted probabilities numerically 0 or 1 occurred"
"2","Warning: glm.fit: algorithm did not converge"
"2","Warning: glm.fit: fitted probabilities numerically 0 or 1 occurred"
"2","Warning: glm.fit: algorithm did not converge"
"2","Warning: glm.fit: fitted probabilities numerically 0 or 1 occurred"
"2","Warning: glm.fit: algorithm did not converge"
"2","Warning: glm.fit: fitted probabilities numerically 0 or 1 occurred"
"2","Warning: glm.fit: algorithm did not converge"
"2","Warning: glm.fit: fitted probabilities numerically 0 or 1 occurred"
"2","Warning: glm.fit: algorithm did not converge"
"2","Warning: glm.fit: fitted probabilities numerically 0 or 1 occurred"
"2","Warning: glm.fit: algorithm did not converge"
"2","Warning: glm.fit: fitted probabilities numerically 0 or 1 occurred"
"2","Warning: glm.fit: algorithm did not converge"
"2","Warning: glm.fit: fitted probabilities numerically 0 or 1 occurred"
"2","Warning: glm.fit: algorithm did not converge"
"2","Warning: glm.fit: fitted probabilities numerically 0 or 1 occurred"
"2","Warning: glm.fit: algorithm did not converge"
"2","Warning: glm.fit: fitted probabilities numerically 0 or 1 occurred"
"2","Warning: glm.fit: algorithm did not converge"
"2","Warning: glm.fit: fitted probabilities numerically 0 or 1 occurred"
"2","Warning: glm.fit: algorithm did not converge"
"2","Warning: glm.fit: fitted probabilities numerically 0 or 1 occurred"
"2","Warning: glm.fit: algorithm did not converge"
"2","Warning: glm.fit: fitted probabilities numerically 0 or 1 occurred"
"2","Warning: glm.fit: algorithm did not converge"
"2","Warning: glm.fit: fitted probabilities numerically 0 or 1 occurred"
"2","Warning: glm.fit: algorithm did not converge"
"2","Warning: glm.fit: fitted probabilities numerically 0 or 1 occurred"
"2","Warning: glm.fit: algorithm did not converge"
"2","Warning: glm.fit: fitted probabilities numerically 0 or 1 occurred"
"2","Warning: glm.fit: algorithm did not converge"
"2","Warning: glm.fit: fitted probabilities numerically 0 or 1 occurred"
"2","Warning: glm.fit: algorithm did not converge"
"2","Warning: glm.fit: fitted probabilities numerically 0 or 1 occurred"
"2","Warning: glm.fit: algorithm did not converge"
"2","Warning: glm.fit: fitted probabilities numerically 0 or 1 occurred"
"2","Warning: glm.fit: algorithm did not converge"
"2","Warning: glm.fit: fitted probabilities numerically 0 or 1 occurred"
"2","Warning: glm.fit: algorithm did not converge"
"2","Warning: glm.fit: fitted probabilities numerically 0 or 1 occurred"
"2","Warning: glm.fit: algorithm did not converge"
"2","Warning: glm.fit: fitted probabilities numerically 0 or 1 occurred"
"2","Warning: glm.fit: algorithm did not converge"
"2","Warning: glm.fit: fitted probabilities numerically 0 or 1 occurred"
"2","Warning: glm.fit: algorithm did not converge"
"2","Warning: glm.fit: fitted probabilities numerically 0 or 1 occurred"
"2","Warning: glm.fit: algorithm did not converge"
"2","Warning: glm.fit: fitted probabilities numerically 0 or 1 occurred"
"2","Warning: glm.fit: algorithm did not converge"
"2","Warning: glm.fit: fitted probabilities numerically 0 or 1 occurred"
"2","Warning: glm.fit: algorithm did not converge"
"2","Warning: glm.fit: fitted probabilities numerically 0 or 1 occurred"
"2","Warning: glm.fit: algorithm did not converge"
"2","Warning: glm.fit: fitted probabilities numerically 0 or 1 occurred"
"2","Warning: glm.fit: algorithm did not converge"
"2","Warning: glm.fit: fitted probabilities numerically 0 or 1 occurred"
"2","Warning: glm.fit: algorithm did not converge"
"2","Warning: glm.fit: fitted probabilities numerically 0 or 1 occurred"
"2","Warning: glm.fit: algorithm did not converge"
"2","Warning: glm.fit: fitted probabilities numerically 0 or 1 occurred"
"2","Warning: glm.fit: algorithm did not converge"
"2","Warning: glm.fit: fitted probabilities numerically 0 or 1 occurred"
"2","Warning: glm.fit: algorithm did not converge"
"2","Warning: glm.fit: fitted probabilities numerically 0 or 1 occurred"
"2","Warning: glm.fit: algorithm did not converge"
"2","Warning: glm.fit: fitted probabilities numerically 0 or 1 occurred"
"1","      "
"1"," Df"
"1","   Deviance"
"1"," AIC"
"1","
- Q3  "
"1","  1"
"1"," 1.4655e-09"
"1"," 102"
"1","
- Q36 "
"1","  1"
"1"," 1.4657e-09"
"1"," 102"
"1","
- Q31 "
"1","  1"
"1"," 1.4658e-09"
"1"," 102"
"1","
- Q29 "
"1","  1"
"1"," 1.4661e-09"
"1"," 102"
"1","
- Q35 "
"1","  1"
"1"," 1.4665e-09"
"1"," 102"
"1","
- Q1  "
"1","  1"
"1"," 1.4668e-09"
"1"," 102"
"1","
- Q53 "
"1","  1"
"1"," 1.4668e-09"
"1"," 102"
"1","
- Q21 "
"1","  1"
"1"," 1.4674e-09"
"1"," 102"
"1","
- Q42 "
"1","  1"
"1"," 1.4675e-09"
"1"," 102"
"1","
- Q9  "
"1","  1"
"1"," 1.4675e-09"
"1"," 102"
"1","
- Q34 "
"1","  1"
"1"," 1.4677e-09"
"1"," 102"
"1","
- Q5  "
"1","  1"
"1"," 1.4680e-09"
"1"," 102"
"1","
- Q18 "
"1","  1"
"1"," 1.4681e-09"
"1"," 102"
"1","
- Q32 "
"1","  1"
"1"," 1.4683e-09"
"1"," 102"
"1","
- Q30 "
"1","  1"
"1"," 1.4683e-09"
"1"," 102"
"1","
- Q41 "
"1","  1"
"1"," 1.4683e-09"
"1"," 102"
"1","
- Q19 "
"1","  1"
"1"," 1.4705e-09"
"1"," 102"
"1","
- Q2  "
"1","  1"
"1"," 1.4710e-09"
"1"," 102"
"1","
- Q38 "
"1","  1"
"1"," 1.4724e-09"
"1"," 102"
"1","
- Q44 "
"1","  1"
"1"," 1.4729e-09"
"1"," 102"
"1","
- Q20 "
"1","  1"
"1"," 1.4730e-09"
"1"," 102"
"1","
- Q51 "
"1","  1"
"1"," 1.4745e-09"
"1"," 102"
"1","
- Q8  "
"1","  1"
"1"," 1.4752e-09"
"1"," 102"
"1","
- Q33 "
"1","  1"
"1"," 1.4752e-09"
"1"," 102"
"1","
- Q50 "
"1","  1"
"1"," 1.4773e-09"
"1"," 102"
"1","
- Q39 "
"1","  1"
"1"," 1.4784e-09"
"1"," 102"
"1","
- Q7  "
"1","  1"
"1"," 1.4796e-09"
"1"," 102"
"1","
- Q15 "
"1","  1"
"1"," 1.4806e-09"
"1"," 102"
"1","
- Q27 "
"1","  1"
"1"," 1.4814e-09"
"1"," 102"
"1","
- Q45 "
"1","  1"
"1"," 1.4849e-09"
"1"," 102"
"1","
- Q11 "
"1","  1"
"1"," 1.4854e-09"
"1"," 102"
"1","
- Q37 "
"1","  1"
"1"," 1.4856e-09"
"1"," 102"
"1","
- Q17 "
"1","  1"
"1"," 1.4857e-09"
"1"," 102"
"1","
- Q4  "
"1","  1"
"1"," 1.4920e-09"
"1"," 102"
"1","
- Q6  "
"1","  1"
"1"," 1.4937e-09"
"1"," 102"
"1","
- Q22 "
"1","  1"
"1"," 1.4938e-09"
"1"," 102"
"1","
- Q54 "
"1","  1"
"1"," 1.4953e-09"
"1"," 102"
"1","
- Q47 "
"1","  1"
"1"," 1.4953e-09"
"1"," 102"
"1","
- Q24 "
"1","  1"
"1"," 1.4959e-09"
"1"," 102"
"1","
- Q49 "
"1","  1"
"1"," 1.4964e-09"
"1"," 102"
"1","
- Q10 "
"1","  1"
"1"," 1.4980e-09"
"1"," 102"
"1","
- Q12 "
"1","  1"
"1"," 1.4992e-09"
"1"," 102"
"1","
- Q43 "
"1","  1"
"1"," 1.5026e-09"
"1"," 102"
"1","
- Q48 "
"1","  1"
"1"," 1.5104e-09"
"1"," 102"
"1","
- Q23 "
"1","  1"
"1"," 1.5126e-09"
"1"," 102"
"1","
- Q28 "
"1","  1"
"1"," 1.5129e-09"
"1"," 102"
"1","
- Q14 "
"1","  1"
"1"," 1.5133e-09"
"1"," 102"
"1","
- Q46 "
"1","  1"
"1"," 1.5204e-09"
"1"," 102"
"1","
- Q52 "
"1","  1"
"1"," 1.5311e-09"
"1"," 102"
"1","
- Q26 "
"1","  1"
"1"," 1.5328e-09"
"1"," 102"
"1","
- Q40 "
"1","  1"
"1"," 1.5973e-09"
"1"," 102"
"1","
<none>"
"1","   "
"1"," 1.4646e-09"
"1"," 104"
"1","
"
"2","Warning: glm.fit: algorithm did not converge"
"2","Warning: glm.fit: fitted probabilities numerically 0 or 1 occurred"
"1","
Step:  AIC="
"1",""
"1","102"
"1",""
"1","
"
"1",""
"1","Divorce ~ Q1 + Q2 + Q4 + Q5 + Q6 + Q7 + Q8 + Q9 + Q10 + Q11 + "
"1",""
"1","
    Q12 + Q14 + Q15 + Q17 + Q18 + Q19 + Q20 + Q21 + Q22 + Q23 + "
"1",""
"1","
    Q24 + Q26 + Q27 + Q28 + Q29 + Q30 + Q31 + Q32 + Q33 + Q34 + "
"1",""
"1","
    Q35 + Q36 + Q37 + Q38 + Q39 + Q40 + Q41 + Q42 + Q43 + Q44 + "
"1",""
"1","
    Q45 + Q46 + Q47 + Q48 + Q49 + Q50 + Q51 + Q52 + Q53 + Q54"
"1",""
"1","

"
"2","Warning: glm.fit: algorithm did not converge"
"2","Warning: glm.fit: fitted probabilities numerically 0 or 1 occurred"
"2","Warning: glm.fit: algorithm did not converge"
"2","Warning: glm.fit: fitted probabilities numerically 0 or 1 occurred"
"2","Warning: glm.fit: algorithm did not converge"
"2","Warning: glm.fit: fitted probabilities numerically 0 or 1 occurred"
"2","Warning: glm.fit: algorithm did not converge"
"2","Warning: glm.fit: fitted probabilities numerically 0 or 1 occurred"
"2","Warning: glm.fit: algorithm did not converge"
"2","Warning: glm.fit: fitted probabilities numerically 0 or 1 occurred"
"2","Warning: glm.fit: algorithm did not converge"
"2","Warning: glm.fit: fitted probabilities numerically 0 or 1 occurred"
"2","Warning: glm.fit: algorithm did not converge"
"2","Warning: glm.fit: fitted probabilities numerically 0 or 1 occurred"
"2","Warning: glm.fit: algorithm did not converge"
"2","Warning: glm.fit: fitted probabilities numerically 0 or 1 occurred"
"2","Warning: glm.fit: algorithm did not converge"
"2","Warning: glm.fit: fitted probabilities numerically 0 or 1 occurred"
"2","Warning: glm.fit: algorithm did not converge"
"2","Warning: glm.fit: fitted probabilities numerically 0 or 1 occurred"
"2","Warning: glm.fit: algorithm did not converge"
"2","Warning: glm.fit: fitted probabilities numerically 0 or 1 occurred"
"2","Warning: glm.fit: algorithm did not converge"
"2","Warning: glm.fit: fitted probabilities numerically 0 or 1 occurred"
"2","Warning: glm.fit: algorithm did not converge"
"2","Warning: glm.fit: fitted probabilities numerically 0 or 1 occurred"
"2","Warning: glm.fit: algorithm did not converge"
"2","Warning: glm.fit: fitted probabilities numerically 0 or 1 occurred"
"2","Warning: glm.fit: algorithm did not converge"
"2","Warning: glm.fit: fitted probabilities numerically 0 or 1 occurred"
"2","Warning: glm.fit: algorithm did not converge"
"2","Warning: glm.fit: fitted probabilities numerically 0 or 1 occurred"
"2","Warning: glm.fit: algorithm did not converge"
"2","Warning: glm.fit: fitted probabilities numerically 0 or 1 occurred"
"2","Warning: glm.fit: algorithm did not converge"
"2","Warning: glm.fit: fitted probabilities numerically 0 or 1 occurred"
"2","Warning: glm.fit: algorithm did not converge"
"2","Warning: glm.fit: fitted probabilities numerically 0 or 1 occurred"
"2","Warning: glm.fit: algorithm did not converge"
"2","Warning: glm.fit: fitted probabilities numerically 0 or 1 occurred"
"2","Warning: glm.fit: algorithm did not converge"
"2","Warning: glm.fit: fitted probabilities numerically 0 or 1 occurred"
"2","Warning: glm.fit: algorithm did not converge"
"2","Warning: glm.fit: fitted probabilities numerically 0 or 1 occurred"
"2","Warning: glm.fit: algorithm did not converge"
"2","Warning: glm.fit: fitted probabilities numerically 0 or 1 occurred"
"2","Warning: glm.fit: algorithm did not converge"
"2","Warning: glm.fit: fitted probabilities numerically 0 or 1 occurred"
"2","Warning: glm.fit: algorithm did not converge"
"2","Warning: glm.fit: fitted probabilities numerically 0 or 1 occurred"
"2","Warning: glm.fit: algorithm did not converge"
"2","Warning: glm.fit: fitted probabilities numerically 0 or 1 occurred"
"2","Warning: glm.fit: algorithm did not converge"
"2","Warning: glm.fit: fitted probabilities numerically 0 or 1 occurred"
"2","Warning: glm.fit: algorithm did not converge"
"2","Warning: glm.fit: fitted probabilities numerically 0 or 1 occurred"
"2","Warning: glm.fit: algorithm did not converge"
"2","Warning: glm.fit: fitted probabilities numerically 0 or 1 occurred"
"2","Warning: glm.fit: algorithm did not converge"
"2","Warning: glm.fit: fitted probabilities numerically 0 or 1 occurred"
"2","Warning: glm.fit: algorithm did not converge"
"2","Warning: glm.fit: fitted probabilities numerically 0 or 1 occurred"
"2","Warning: glm.fit: algorithm did not converge"
"2","Warning: glm.fit: fitted probabilities numerically 0 or 1 occurred"
"2","Warning: glm.fit: algorithm did not converge"
"2","Warning: glm.fit: fitted probabilities numerically 0 or 1 occurred"
"2","Warning: glm.fit: algorithm did not converge"
"2","Warning: glm.fit: fitted probabilities numerically 0 or 1 occurred"
"2","Warning: glm.fit: algorithm did not converge"
"2","Warning: glm.fit: fitted probabilities numerically 0 or 1 occurred"
"2","Warning: glm.fit: algorithm did not converge"
"2","Warning: glm.fit: fitted probabilities numerically 0 or 1 occurred"
"2","Warning: glm.fit: algorithm did not converge"
"2","Warning: glm.fit: fitted probabilities numerically 0 or 1 occurred"
"2","Warning: glm.fit: algorithm did not converge"
"2","Warning: glm.fit: fitted probabilities numerically 0 or 1 occurred"
"2","Warning: glm.fit: algorithm did not converge"
"2","Warning: glm.fit: fitted probabilities numerically 0 or 1 occurred"
"2","Warning: glm.fit: algorithm did not converge"
"2","Warning: glm.fit: fitted probabilities numerically 0 or 1 occurred"
"2","Warning: glm.fit: algorithm did not converge"
"2","Warning: glm.fit: fitted probabilities numerically 0 or 1 occurred"
"2","Warning: glm.fit: algorithm did not converge"
"2","Warning: glm.fit: fitted probabilities numerically 0 or 1 occurred"
"2","Warning: glm.fit: algorithm did not converge"
"2","Warning: glm.fit: fitted probabilities numerically 0 or 1 occurred"
"2","Warning: glm.fit: algorithm did not converge"
"2","Warning: glm.fit: fitted probabilities numerically 0 or 1 occurred"
"2","Warning: glm.fit: algorithm did not converge"
"2","Warning: glm.fit: fitted probabilities numerically 0 or 1 occurred"
"2","Warning: glm.fit: algorithm did not converge"
"2","Warning: glm.fit: fitted probabilities numerically 0 or 1 occurred"
"2","Warning: glm.fit: algorithm did not converge"
"2","Warning: glm.fit: fitted probabilities numerically 0 or 1 occurred"
"2","Warning: glm.fit: algorithm did not converge"
"2","Warning: glm.fit: fitted probabilities numerically 0 or 1 occurred"
"2","Warning: glm.fit: algorithm did not converge"
"2","Warning: glm.fit: fitted probabilities numerically 0 or 1 occurred"
"2","Warning: glm.fit: algorithm did not converge"
"2","Warning: glm.fit: fitted probabilities numerically 0 or 1 occurred"
"1","      "
"1"," Df"
"1","   Deviance"
"1"," AIC"
"1","
- Q29 "
"1","  1"
"1"," 1.4669e-09"
"1"," 100"
"1","
- Q35 "
"1","  1"
"1"," 1.4673e-09"
"1"," 100"
"1","
- Q53 "
"1","  1"
"1"," 1.4676e-09"
"1"," 100"
"1","
- Q1  "
"1","  1"
"1"," 1.4680e-09"
"1"," 100"
"1","
- Q5  "
"1","  1"
"1"," 1.4683e-09"
"1"," 100"
"1","
- Q36 "
"1","  1"
"1"," 1.4687e-09"
"1"," 100"
"1","
- Q42 "
"1","  1"
"1"," 1.4691e-09"
"1"," 100"
"1","
- Q32 "
"1","  1"
"1"," 1.4694e-09"
"1"," 100"
"1","
- Q41 "
"1","  1"
"1"," 1.4695e-09"
"1"," 100"
"1","
- Q18 "
"1","  1"
"1"," 1.4695e-09"
"1"," 100"
"1","
- Q9  "
"1","  1"
"1"," 1.4697e-09"
"1"," 100"
"1","
- Q21 "
"1","  1"
"1"," 1.4697e-09"
"1"," 100"
"1","
- Q30 "
"1","  1"
"1"," 1.4698e-09"
"1"," 100"
"1","
- Q31 "
"1","  1"
"1"," 1.4699e-09"
"1"," 100"
"1","
- Q19 "
"1","  1"
"1"," 1.4708e-09"
"1"," 100"
"1","
- Q34 "
"1","  1"
"1"," 1.4717e-09"
"1"," 100"
"1","
- Q2  "
"1","  1"
"1"," 1.4742e-09"
"1"," 100"
"1","
- Q20 "
"1","  1"
"1"," 1.4745e-09"
"1"," 100"
"1","
- Q33 "
"1","  1"
"1"," 1.4763e-09"
"1"," 100"
"1","
- Q8  "
"1","  1"
"1"," 1.4766e-09"
"1"," 100"
"1","
- Q51 "
"1","  1"
"1"," 1.4770e-09"
"1"," 100"
"1","
- Q44 "
"1","  1"
"1"," 1.4782e-09"
"1"," 100"
"1","
- Q50 "
"1","  1"
"1"," 1.4793e-09"
"1"," 100"
"1","
- Q7  "
"1","  1"
"1"," 1.4793e-09"
"1"," 100"
"1","
- Q27 "
"1","  1"
"1"," 1.4814e-09"
"1"," 100"
"1","
- Q15 "
"1","  1"
"1"," 1.4825e-09"
"1"," 100"
"1","
- Q45 "
"1","  1"
"1"," 1.4845e-09"
"1"," 100"
"1","
- Q39 "
"1","  1"
"1"," 1.4854e-09"
"1"," 100"
"1","
- Q38 "
"1","  1"
"1"," 1.4868e-09"
"1"," 100"
"1","
- Q37 "
"1","  1"
"1"," 1.4884e-09"
"1"," 100"
"1","
- Q11 "
"1","  1"
"1"," 1.4893e-09"
"1"," 100"
"1","
- Q17 "
"1","  1"
"1"," 1.4896e-09"
"1"," 100"
"1","
- Q6  "
"1","  1"
"1"," 1.4940e-09"
"1"," 100"
"1","
- Q54 "
"1","  1"
"1"," 1.4983e-09"
"1"," 100"
"1","
- Q4  "
"1","  1"
"1"," 1.4996e-09"
"1"," 100"
"1","
- Q22 "
"1","  1"
"1"," 1.5009e-09"
"1"," 100"
"1","
- Q24 "
"1","  1"
"1"," 1.5013e-09"
"1"," 100"
"1","
- Q47 "
"1","  1"
"1"," 1.5014e-09"
"1"," 100"
"1","
- Q49 "
"1","  1"
"1"," 1.5022e-09"
"1"," 100"
"1","
- Q10 "
"1","  1"
"1"," 1.5049e-09"
"1"," 100"
"1","
- Q43 "
"1","  1"
"1"," 1.5082e-09"
"1"," 100"
"1","
- Q48 "
"1","  1"
"1"," 1.5120e-09"
"1"," 100"
"1","
- Q28 "
"1","  1"
"1"," 1.5132e-09"
"1"," 100"
"1","
- Q12 "
"1","  1"
"1"," 1.5139e-09"
"1"," 100"
"1","
- Q14 "
"1","  1"
"1"," 1.5157e-09"
"1"," 100"
"1","
- Q23 "
"1","  1"
"1"," 1.5222e-09"
"1"," 100"
"1","
- Q26 "
"1","  1"
"1"," 1.5334e-09"
"1"," 100"
"1","
- Q52 "
"1","  1"
"1"," 1.5335e-09"
"1"," 100"
"1","
- Q46 "
"1","  1"
"1"," 1.5405e-09"
"1"," 100"
"1","
- Q40 "
"1","  1"
"1"," 1.6209e-09"
"1"," 100"
"1","
<none>"
"1","   "
"1"," 1.4655e-09"
"1"," 102"
"1","
"
"2","Warning: glm.fit: algorithm did not converge"
"2","Warning: glm.fit: fitted probabilities numerically 0 or 1 occurred"
"1","
Step:  AIC="
"1",""
"1","100"
"1",""
"1","
"
"1",""
"1","Divorce ~ Q1 + Q2 + Q4 + Q5 + Q6 + Q7 + Q8 + Q9 + Q10 + Q11 + "
"1",""
"1","
    Q12 + Q14 + Q15 + Q17 + Q18 + Q19 + Q20 + Q21 + Q22 + Q23 + "
"1",""
"1","
    Q24 + Q26 + Q27 + Q28 + Q30 + Q31 + Q32 + Q33 + Q34 + Q35 + "
"1",""
"1","
    Q36 + Q37 + Q38 + Q39 + Q40 + Q41 + Q42 + Q43 + Q44 + Q45 + "
"1",""
"1","
    Q46 + Q47 + Q48 + Q49 + Q50 + Q51 + Q52 + Q53 + Q54"
"1",""
"1","

"
"2","Warning: glm.fit: algorithm did not converge"
"2","Warning: glm.fit: fitted probabilities numerically 0 or 1 occurred"
"2","Warning: glm.fit: algorithm did not converge"
"2","Warning: glm.fit: fitted probabilities numerically 0 or 1 occurred"
"2","Warning: glm.fit: algorithm did not converge"
"2","Warning: glm.fit: fitted probabilities numerically 0 or 1 occurred"
"2","Warning: glm.fit: algorithm did not converge"
"2","Warning: glm.fit: fitted probabilities numerically 0 or 1 occurred"
"2","Warning: glm.fit: algorithm did not converge"
"2","Warning: glm.fit: fitted probabilities numerically 0 or 1 occurred"
"2","Warning: glm.fit: algorithm did not converge"
"2","Warning: glm.fit: fitted probabilities numerically 0 or 1 occurred"
"2","Warning: glm.fit: algorithm did not converge"
"2","Warning: glm.fit: fitted probabilities numerically 0 or 1 occurred"
"2","Warning: glm.fit: algorithm did not converge"
"2","Warning: glm.fit: fitted probabilities numerically 0 or 1 occurred"
"2","Warning: glm.fit: algorithm did not converge"
"2","Warning: glm.fit: fitted probabilities numerically 0 or 1 occurred"
"2","Warning: glm.fit: algorithm did not converge"
"2","Warning: glm.fit: fitted probabilities numerically 0 or 1 occurred"
"2","Warning: glm.fit: algorithm did not converge"
"2","Warning: glm.fit: fitted probabilities numerically 0 or 1 occurred"
"2","Warning: glm.fit: algorithm did not converge"
"2","Warning: glm.fit: fitted probabilities numerically 0 or 1 occurred"
"2","Warning: glm.fit: algorithm did not converge"
"2","Warning: glm.fit: fitted probabilities numerically 0 or 1 occurred"
"2","Warning: glm.fit: algorithm did not converge"
"2","Warning: glm.fit: fitted probabilities numerically 0 or 1 occurred"
"2","Warning: glm.fit: algorithm did not converge"
"2","Warning: glm.fit: fitted probabilities numerically 0 or 1 occurred"
"2","Warning: glm.fit: algorithm did not converge"
"2","Warning: glm.fit: fitted probabilities numerically 0 or 1 occurred"
"2","Warning: glm.fit: algorithm did not converge"
"2","Warning: glm.fit: fitted probabilities numerically 0 or 1 occurred"
"2","Warning: glm.fit: algorithm did not converge"
"2","Warning: glm.fit: fitted probabilities numerically 0 or 1 occurred"
"2","Warning: glm.fit: algorithm did not converge"
"2","Warning: glm.fit: fitted probabilities numerically 0 or 1 occurred"
"2","Warning: glm.fit: algorithm did not converge"
"2","Warning: glm.fit: fitted probabilities numerically 0 or 1 occurred"
"2","Warning: glm.fit: algorithm did not converge"
"2","Warning: glm.fit: fitted probabilities numerically 0 or 1 occurred"
"2","Warning: glm.fit: algorithm did not converge"
"2","Warning: glm.fit: fitted probabilities numerically 0 or 1 occurred"
"2","Warning: glm.fit: algorithm did not converge"
"2","Warning: glm.fit: fitted probabilities numerically 0 or 1 occurred"
"2","Warning: glm.fit: algorithm did not converge"
"2","Warning: glm.fit: fitted probabilities numerically 0 or 1 occurred"
"2","Warning: glm.fit: algorithm did not converge"
"2","Warning: glm.fit: fitted probabilities numerically 0 or 1 occurred"
"2","Warning: glm.fit: algorithm did not converge"
"2","Warning: glm.fit: fitted probabilities numerically 0 or 1 occurred"
"2","Warning: glm.fit: algorithm did not converge"
"2","Warning: glm.fit: fitted probabilities numerically 0 or 1 occurred"
"2","Warning: glm.fit: algorithm did not converge"
"2","Warning: glm.fit: fitted probabilities numerically 0 or 1 occurred"
"2","Warning: glm.fit: algorithm did not converge"
"2","Warning: glm.fit: fitted probabilities numerically 0 or 1 occurred"
"2","Warning: glm.fit: algorithm did not converge"
"2","Warning: glm.fit: fitted probabilities numerically 0 or 1 occurred"
"2","Warning: glm.fit: algorithm did not converge"
"2","Warning: glm.fit: fitted probabilities numerically 0 or 1 occurred"
"2","Warning: glm.fit: algorithm did not converge"
"2","Warning: glm.fit: fitted probabilities numerically 0 or 1 occurred"
"2","Warning: glm.fit: algorithm did not converge"
"2","Warning: glm.fit: fitted probabilities numerically 0 or 1 occurred"
"2","Warning: glm.fit: algorithm did not converge"
"2","Warning: glm.fit: fitted probabilities numerically 0 or 1 occurred"
"2","Warning: glm.fit: algorithm did not converge"
"2","Warning: glm.fit: fitted probabilities numerically 0 or 1 occurred"
"2","Warning: glm.fit: algorithm did not converge"
"2","Warning: glm.fit: fitted probabilities numerically 0 or 1 occurred"
"2","Warning: glm.fit: algorithm did not converge"
"2","Warning: glm.fit: fitted probabilities numerically 0 or 1 occurred"
"2","Warning: glm.fit: algorithm did not converge"
"2","Warning: glm.fit: fitted probabilities numerically 0 or 1 occurred"
"2","Warning: glm.fit: algorithm did not converge"
"2","Warning: glm.fit: fitted probabilities numerically 0 or 1 occurred"
"2","Warning: glm.fit: algorithm did not converge"
"2","Warning: glm.fit: fitted probabilities numerically 0 or 1 occurred"
"2","Warning: glm.fit: algorithm did not converge"
"2","Warning: glm.fit: fitted probabilities numerically 0 or 1 occurred"
"2","Warning: glm.fit: algorithm did not converge"
"2","Warning: glm.fit: fitted probabilities numerically 0 or 1 occurred"
"2","Warning: glm.fit: algorithm did not converge"
"2","Warning: glm.fit: fitted probabilities numerically 0 or 1 occurred"
"2","Warning: glm.fit: algorithm did not converge"
"2","Warning: glm.fit: fitted probabilities numerically 0 or 1 occurred"
"2","Warning: glm.fit: algorithm did not converge"
"2","Warning: glm.fit: fitted probabilities numerically 0 or 1 occurred"
"2","Warning: glm.fit: algorithm did not converge"
"2","Warning: glm.fit: fitted probabilities numerically 0 or 1 occurred"
"2","Warning: glm.fit: algorithm did not converge"
"2","Warning: glm.fit: fitted probabilities numerically 0 or 1 occurred"
"2","Warning: glm.fit: algorithm did not converge"
"2","Warning: glm.fit: fitted probabilities numerically 0 or 1 occurred"
"2","Warning: glm.fit: algorithm did not converge"
"2","Warning: glm.fit: fitted probabilities numerically 0 or 1 occurred"
"1","      "
"1"," Df"
"1","   Deviance"
"1"," AIC"
"1","
- Q35 "
"1","  1"
"1"," 1.4688e-09"
"1","  98"
"1","
- Q5  "
"1","  1"
"1"," 1.4690e-09"
"1","  98"
"1","
- Q1  "
"1","  1"
"1"," 1.4692e-09"
"1","  98"
"1","
- Q53 "
"1","  1"
"1"," 1.4692e-09"
"1","  98"
"1","
- Q36 "
"1","  1"
"1"," 1.4705e-09"
"1","  98"
"1","
- Q42 "
"1","  1"
"1"," 1.4708e-09"
"1","  98"
"1","
- Q32 "
"1","  1"
"1"," 1.4710e-09"
"1","  98"
"1","
- Q9  "
"1","  1"
"1"," 1.4711e-09"
"1","  98"
"1","
- Q41 "
"1","  1"
"1"," 1.4711e-09"
"1","  98"
"1","
- Q18 "
"1","  1"
"1"," 1.4712e-09"
"1","  98"
"1","
- Q31 "
"1","  1"
"1"," 1.4712e-09"
"1","  98"
"1","
- Q30 "
"1","  1"
"1"," 1.4717e-09"
"1","  98"
"1","
- Q21 "
"1","  1"
"1"," 1.4718e-09"
"1","  98"
"1","
- Q19 "
"1","  1"
"1"," 1.4720e-09"
"1","  98"
"1","
- Q34 "
"1","  1"
"1"," 1.4739e-09"
"1","  98"
"1","
- Q20 "
"1","  1"
"1"," 1.4760e-09"
"1","  98"
"1","
- Q2  "
"1","  1"
"1"," 1.4779e-09"
"1","  98"
"1","
- Q8  "
"1","  1"
"1"," 1.4783e-09"
"1","  98"
"1","
- Q51 "
"1","  1"
"1"," 1.4791e-09"
"1","  98"
"1","
- Q33 "
"1","  1"
"1"," 1.4792e-09"
"1","  98"
"1","
- Q44 "
"1","  1"
"1"," 1.4802e-09"
"1","  98"
"1","
- Q50 "
"1","  1"
"1"," 1.4810e-09"
"1","  98"
"1","
- Q7  "
"1","  1"
"1"," 1.4812e-09"
"1","  98"
"1","
- Q15 "
"1","  1"
"1"," 1.4849e-09"
"1","  98"
"1","
- Q27 "
"1","  1"
"1"," 1.4850e-09"
"1","  98"
"1","
- Q45 "
"1","  1"
"1"," 1.4873e-09"
"1","  98"
"1","
- Q39 "
"1","  1"
"1"," 1.4876e-09"
"1","  98"
"1","
- Q38 "
"1","  1"
"1"," 1.4918e-09"
"1","  98"
"1","
- Q37 "
"1","  1"
"1"," 1.4919e-09"
"1","  98"
"1","
- Q17 "
"1","  1"
"1"," 1.4963e-09"
"1","  98"
"1","
- Q54 "
"1","  1"
"1"," 1.4993e-09"
"1","  98"
"1","
- Q6  "
"1","  1"
"1"," 1.5009e-09"
"1","  98"
"1","
- Q11 "
"1","  1"
"1"," 1.5019e-09"
"1","  98"
"1","
- Q4  "
"1","  1"
"1"," 1.5025e-09"
"1","  98"
"1","
- Q47 "
"1","  1"
"1"," 1.5026e-09"
"1","  98"
"1","
- Q22 "
"1","  1"
"1"," 1.5030e-09"
"1","  98"
"1","
- Q24 "
"1","  1"
"1"," 1.5032e-09"
"1","  98"
"1","
- Q49 "
"1","  1"
"1"," 1.5038e-09"
"1","  98"
"1","
- Q10 "
"1","  1"
"1"," 1.5071e-09"
"1","  98"
"1","
- Q43 "
"1","  1"
"1"," 1.5118e-09"
"1","  98"
"1","
- Q48 "
"1","  1"
"1"," 1.5129e-09"
"1","  98"
"1","
- Q14 "
"1","  1"
"1"," 1.5166e-09"
"1","  98"
"1","
- Q12 "
"1","  1"
"1"," 1.5196e-09"
"1","  98"
"1","
- Q28 "
"1","  1"
"1"," 1.5200e-09"
"1","  98"
"1","
- Q23 "
"1","  1"
"1"," 1.5224e-09"
"1","  98"
"1","
- Q52 "
"1","  1"
"1"," 1.5343e-09"
"1","  98"
"1","
- Q46 "
"1","  1"
"1"," 1.5439e-09"
"1","  98"
"1","
- Q26 "
"1","  1"
"1"," 1.5833e-09"
"1","  98"
"1","
- Q40 "
"1","  1"
"1"," 1.6268e-09"
"1","  98"
"1","
<none>"
"1","   "
"1"," 1.4669e-09"
"1"," 100"
"1","
"
"2","Warning: glm.fit: algorithm did not converge"
"2","Warning: glm.fit: fitted probabilities numerically 0 or 1 occurred"
"1","
Step:  AIC="
"1",""
"1","98"
"1",""
"1","
"
"1",""
"1","Divorce ~ Q1 + Q2 + Q4 + Q5 + Q6 + Q7 + Q8 + Q9 + Q10 + Q11 + "
"1",""
"1","
    Q12 + Q14 + Q15 + Q17 + Q18 + Q19 + Q20 + Q21 + Q22 + Q23 + "
"1",""
"1","
    Q24 + Q26 + Q27 + Q28 + Q30 + Q31 + Q32 + Q33 + Q34 + Q36 + "
"1",""
"1","
    Q37 + Q38 + Q39 + Q40 + Q41 + Q42 + Q43 + Q44 + Q45 + Q46 + "
"1",""
"1","
    Q47 + Q48 + Q49 + Q50 + Q51 + Q52 + Q53 + Q54"
"1",""
"1","

"
"2","Warning: glm.fit: algorithm did not converge"
"2","Warning: glm.fit: fitted probabilities numerically 0 or 1 occurred"
"2","Warning: glm.fit: algorithm did not converge"
"2","Warning: glm.fit: fitted probabilities numerically 0 or 1 occurred"
"2","Warning: glm.fit: algorithm did not converge"
"2","Warning: glm.fit: fitted probabilities numerically 0 or 1 occurred"
"2","Warning: glm.fit: algorithm did not converge"
"2","Warning: glm.fit: fitted probabilities numerically 0 or 1 occurred"
"2","Warning: glm.fit: algorithm did not converge"
"2","Warning: glm.fit: fitted probabilities numerically 0 or 1 occurred"
"2","Warning: glm.fit: algorithm did not converge"
"2","Warning: glm.fit: fitted probabilities numerically 0 or 1 occurred"
"2","Warning: glm.fit: algorithm did not converge"
"2","Warning: glm.fit: fitted probabilities numerically 0 or 1 occurred"
"2","Warning: glm.fit: algorithm did not converge"
"2","Warning: glm.fit: fitted probabilities numerically 0 or 1 occurred"
"2","Warning: glm.fit: algorithm did not converge"
"2","Warning: glm.fit: fitted probabilities numerically 0 or 1 occurred"
"2","Warning: glm.fit: algorithm did not converge"
"2","Warning: glm.fit: fitted probabilities numerically 0 or 1 occurred"
"2","Warning: glm.fit: algorithm did not converge"
"2","Warning: glm.fit: fitted probabilities numerically 0 or 1 occurred"
"2","Warning: glm.fit: algorithm did not converge"
"2","Warning: glm.fit: fitted probabilities numerically 0 or 1 occurred"
"2","Warning: glm.fit: algorithm did not converge"
"2","Warning: glm.fit: fitted probabilities numerically 0 or 1 occurred"
"2","Warning: glm.fit: algorithm did not converge"
"2","Warning: glm.fit: fitted probabilities numerically 0 or 1 occurred"
"2","Warning: glm.fit: algorithm did not converge"
"2","Warning: glm.fit: fitted probabilities numerically 0 or 1 occurred"
"2","Warning: glm.fit: algorithm did not converge"
"2","Warning: glm.fit: fitted probabilities numerically 0 or 1 occurred"
"2","Warning: glm.fit: algorithm did not converge"
"2","Warning: glm.fit: fitted probabilities numerically 0 or 1 occurred"
"2","Warning: glm.fit: algorithm did not converge"
"2","Warning: glm.fit: fitted probabilities numerically 0 or 1 occurred"
"2","Warning: glm.fit: algorithm did not converge"
"2","Warning: glm.fit: fitted probabilities numerically 0 or 1 occurred"
"2","Warning: glm.fit: algorithm did not converge"
"2","Warning: glm.fit: fitted probabilities numerically 0 or 1 occurred"
"2","Warning: glm.fit: algorithm did not converge"
"2","Warning: glm.fit: fitted probabilities numerically 0 or 1 occurred"
"2","Warning: glm.fit: algorithm did not converge"
"2","Warning: glm.fit: fitted probabilities numerically 0 or 1 occurred"
"2","Warning: glm.fit: algorithm did not converge"
"2","Warning: glm.fit: fitted probabilities numerically 0 or 1 occurred"
"2","Warning: glm.fit: algorithm did not converge"
"2","Warning: glm.fit: fitted probabilities numerically 0 or 1 occurred"
"2","Warning: glm.fit: algorithm did not converge"
"2","Warning: glm.fit: fitted probabilities numerically 0 or 1 occurred"
"2","Warning: glm.fit: algorithm did not converge"
"2","Warning: glm.fit: fitted probabilities numerically 0 or 1 occurred"
"2","Warning: glm.fit: algorithm did not converge"
"2","Warning: glm.fit: fitted probabilities numerically 0 or 1 occurred"
"2","Warning: glm.fit: algorithm did not converge"
"2","Warning: glm.fit: fitted probabilities numerically 0 or 1 occurred"
"2","Warning: glm.fit: algorithm did not converge"
"2","Warning: glm.fit: fitted probabilities numerically 0 or 1 occurred"
"2","Warning: glm.fit: algorithm did not converge"
"2","Warning: glm.fit: fitted probabilities numerically 0 or 1 occurred"
"2","Warning: glm.fit: algorithm did not converge"
"2","Warning: glm.fit: fitted probabilities numerically 0 or 1 occurred"
"2","Warning: glm.fit: algorithm did not converge"
"2","Warning: glm.fit: fitted probabilities numerically 0 or 1 occurred"
"2","Warning: glm.fit: algorithm did not converge"
"2","Warning: glm.fit: fitted probabilities numerically 0 or 1 occurred"
"2","Warning: glm.fit: algorithm did not converge"
"2","Warning: glm.fit: fitted probabilities numerically 0 or 1 occurred"
"2","Warning: glm.fit: algorithm did not converge"
"2","Warning: glm.fit: fitted probabilities numerically 0 or 1 occurred"
"2","Warning: glm.fit: algorithm did not converge"
"2","Warning: glm.fit: fitted probabilities numerically 0 or 1 occurred"
"2","Warning: glm.fit: algorithm did not converge"
"2","Warning: glm.fit: fitted probabilities numerically 0 or 1 occurred"
"2","Warning: glm.fit: algorithm did not converge"
"2","Warning: glm.fit: fitted probabilities numerically 0 or 1 occurred"
"2","Warning: glm.fit: algorithm did not converge"
"2","Warning: glm.fit: fitted probabilities numerically 0 or 1 occurred"
"2","Warning: glm.fit: algorithm did not converge"
"2","Warning: glm.fit: fitted probabilities numerically 0 or 1 occurred"
"2","Warning: glm.fit: algorithm did not converge"
"2","Warning: glm.fit: fitted probabilities numerically 0 or 1 occurred"
"2","Warning: glm.fit: algorithm did not converge"
"2","Warning: glm.fit: fitted probabilities numerically 0 or 1 occurred"
"2","Warning: glm.fit: algorithm did not converge"
"2","Warning: glm.fit: fitted probabilities numerically 0 or 1 occurred"
"2","Warning: glm.fit: algorithm did not converge"
"2","Warning: glm.fit: fitted probabilities numerically 0 or 1 occurred"
"2","Warning: glm.fit: algorithm did not converge"
"2","Warning: glm.fit: fitted probabilities numerically 0 or 1 occurred"
"2","Warning: glm.fit: algorithm did not converge"
"2","Warning: glm.fit: fitted probabilities numerically 0 or 1 occurred"
"2","Warning: glm.fit: algorithm did not converge"
"2","Warning: glm.fit: fitted probabilities numerically 0 or 1 occurred"
"2","Warning: glm.fit: algorithm did not converge"
"2","Warning: glm.fit: fitted probabilities numerically 0 or 1 occurred"
"1","      "
"1"," Df"
"1","   Deviance"
"1"," AIC"
"1","
- Q53 "
"1","  1"
"1"," 1.4711e-09"
"1","  96"
"1","
- Q1  "
"1","  1"
"1"," 1.4711e-09"
"1","  96"
"1","
- Q5  "
"1","  1"
"1"," 1.4711e-09"
"1","  96"
"1","
- Q31 "
"1","  1"
"1"," 1.4725e-09"
"1","  96"
"1","
- Q41 "
"1","  1"
"1"," 1.4726e-09"
"1","  96"
"1","
- Q36 "
"1","  1"
"1"," 1.4727e-09"
"1","  96"
"1","
- Q18 "
"1","  1"
"1"," 1.4729e-09"
"1","  96"
"1","
- Q9  "
"1","  1"
"1"," 1.4731e-09"
"1","  96"
"1","
- Q42 "
"1","  1"
"1"," 1.4734e-09"
"1","  96"
"1","
- Q21 "
"1","  1"
"1"," 1.4734e-09"
"1","  96"
"1","
- Q30 "
"1","  1"
"1"," 1.4735e-09"
"1","  96"
"1","
- Q19 "
"1","  1"
"1"," 1.4736e-09"
"1","  96"
"1","
- Q32 "
"1","  1"
"1"," 1.4736e-09"
"1","  96"
"1","
- Q34 "
"1","  1"
"1"," 1.4761e-09"
"1","  96"
"1","
- Q20 "
"1","  1"
"1"," 1.4774e-09"
"1","  96"
"1","
- Q8  "
"1","  1"
"1"," 1.4801e-09"
"1","  96"
"1","
- Q33 "
"1","  1"
"1"," 1.4804e-09"
"1","  96"
"1","
- Q51 "
"1","  1"
"1"," 1.4814e-09"
"1","  96"
"1","
- Q50 "
"1","  1"
"1"," 1.4837e-09"
"1","  96"
"1","
- Q7  "
"1","  1"
"1"," 1.4839e-09"
"1","  96"
"1","
- Q44 "
"1","  1"
"1"," 1.4842e-09"
"1","  96"
"1","
- Q2  "
"1","  1"
"1"," 1.4845e-09"
"1","  96"
"1","
- Q15 "
"1","  1"
"1"," 1.4888e-09"
"1","  96"
"1","
- Q27 "
"1","  1"
"1"," 1.4893e-09"
"1","  96"
"1","
- Q39 "
"1","  1"
"1"," 1.4893e-09"
"1","  96"
"1","
- Q45 "
"1","  1"
"1"," 1.4893e-09"
"1","  96"
"1","
- Q37 "
"1","  1"
"1"," 1.4946e-09"
"1","  96"
"1","
- Q38 "
"1","  1"
"1"," 1.4963e-09"
"1","  96"
"1","
- Q17 "
"1","  1"
"1"," 1.4988e-09"
"1","  96"
"1","
- Q54 "
"1","  1"
"1"," 1.5015e-09"
"1","  96"
"1","
- Q47 "
"1","  1"
"1"," 1.5033e-09"
"1","  96"
"1","
- Q4  "
"1","  1"
"1"," 1.5039e-09"
"1","  96"
"1","
- Q22 "
"1","  1"
"1"," 1.5044e-09"
"1","  96"
"1","
- Q49 "
"1","  1"
"1"," 1.5049e-09"
"1","  96"
"1","
- Q6  "
"1","  1"
"1"," 1.5058e-09"
"1","  96"
"1","
- Q24 "
"1","  1"
"1"," 1.5062e-09"
"1","  96"
"1","
- Q11 "
"1","  1"
"1"," 1.5137e-09"
"1","  96"
"1","
- Q48 "
"1","  1"
"1"," 1.5147e-09"
"1","  96"
"1","
- Q14 "
"1","  1"
"1"," 1.5174e-09"
"1","  96"
"1","
- Q10 "
"1","  1"
"1"," 1.5191e-09"
"1","  96"
"1","
- Q23 "
"1","  1"
"1"," 1.5230e-09"
"1","  96"
"1","
- Q28 "
"1","  1"
"1"," 1.5233e-09"
"1","  96"
"1","
- Q12 "
"1","  1"
"1"," 1.5265e-09"
"1","  96"
"1","
- Q43 "
"1","  1"
"1"," 1.5265e-09"
"1","  96"
"1","
- Q52 "
"1","  1"
"1"," 1.5403e-09"
"1","  96"
"1","
- Q46 "
"1","  1"
"1"," 1.5491e-09"
"1","  96"
"1","
- Q26 "
"1","  1"
"1"," 1.5865e-09"
"1","  96"
"1","
- Q40 "
"1","  1"
"1"," 1.6358e-09"
"1","  96"
"1","
<none>"
"1","   "
"1"," 1.4688e-09"
"1","  98"
"1","
"
"2","Warning: glm.fit: algorithm did not converge"
"2","Warning: glm.fit: fitted probabilities numerically 0 or 1 occurred"
"1","
Step:  AIC="
"1",""
"1","96"
"1",""
"1","
"
"1",""
"1","Divorce ~ Q1 + Q2 + Q4 + Q5 + Q6 + Q7 + Q8 + Q9 + Q10 + Q11 + "
"1",""
"1","
    Q12 + Q14 + Q15 + Q17 + Q18 + Q19 + Q20 + Q21 + Q22 + Q23 + "
"1",""
"1","
    Q24 + Q26 + Q27 + Q28 + Q30 + Q31 + Q32 + Q33 + Q34 + Q36 + "
"1",""
"1","
    Q37 + Q38 + Q39 + Q40 + Q41 + Q42 + Q43 + Q44 + Q45 + Q46 + "
"1",""
"1","
    Q47 + Q48 + Q49 + Q50 + Q51 + Q52 + Q54"
"1",""
"1","

"
"2","Warning: glm.fit: algorithm did not converge"
"2","Warning: glm.fit: fitted probabilities numerically 0 or 1 occurred"
"2","Warning: glm.fit: algorithm did not converge"
"2","Warning: glm.fit: fitted probabilities numerically 0 or 1 occurred"
"2","Warning: glm.fit: algorithm did not converge"
"2","Warning: glm.fit: fitted probabilities numerically 0 or 1 occurred"
"2","Warning: glm.fit: algorithm did not converge"
"2","Warning: glm.fit: fitted probabilities numerically 0 or 1 occurred"
"2","Warning: glm.fit: algorithm did not converge"
"2","Warning: glm.fit: fitted probabilities numerically 0 or 1 occurred"
"2","Warning: glm.fit: algorithm did not converge"
"2","Warning: glm.fit: fitted probabilities numerically 0 or 1 occurred"
"2","Warning: glm.fit: algorithm did not converge"
"2","Warning: glm.fit: fitted probabilities numerically 0 or 1 occurred"
"2","Warning: glm.fit: algorithm did not converge"
"2","Warning: glm.fit: fitted probabilities numerically 0 or 1 occurred"
"2","Warning: glm.fit: algorithm did not converge"
"2","Warning: glm.fit: fitted probabilities numerically 0 or 1 occurred"
"2","Warning: glm.fit: algorithm did not converge"
"2","Warning: glm.fit: fitted probabilities numerically 0 or 1 occurred"
"2","Warning: glm.fit: algorithm did not converge"
"2","Warning: glm.fit: fitted probabilities numerically 0 or 1 occurred"
"2","Warning: glm.fit: algorithm did not converge"
"2","Warning: glm.fit: fitted probabilities numerically 0 or 1 occurred"
"2","Warning: glm.fit: algorithm did not converge"
"2","Warning: glm.fit: fitted probabilities numerically 0 or 1 occurred"
"2","Warning: glm.fit: algorithm did not converge"
"2","Warning: glm.fit: fitted probabilities numerically 0 or 1 occurred"
"2","Warning: glm.fit: algorithm did not converge"
"2","Warning: glm.fit: fitted probabilities numerically 0 or 1 occurred"
"2","Warning: glm.fit: algorithm did not converge"
"2","Warning: glm.fit: fitted probabilities numerically 0 or 1 occurred"
"2","Warning: glm.fit: algorithm did not converge"
"2","Warning: glm.fit: fitted probabilities numerically 0 or 1 occurred"
"2","Warning: glm.fit: algorithm did not converge"
"2","Warning: glm.fit: fitted probabilities numerically 0 or 1 occurred"
"2","Warning: glm.fit: algorithm did not converge"
"2","Warning: glm.fit: fitted probabilities numerically 0 or 1 occurred"
"2","Warning: glm.fit: algorithm did not converge"
"2","Warning: glm.fit: fitted probabilities numerically 0 or 1 occurred"
"2","Warning: glm.fit: algorithm did not converge"
"2","Warning: glm.fit: fitted probabilities numerically 0 or 1 occurred"
"2","Warning: glm.fit: algorithm did not converge"
"2","Warning: glm.fit: fitted probabilities numerically 0 or 1 occurred"
"2","Warning: glm.fit: algorithm did not converge"
"2","Warning: glm.fit: fitted probabilities numerically 0 or 1 occurred"
"2","Warning: glm.fit: algorithm did not converge"
"2","Warning: glm.fit: fitted probabilities numerically 0 or 1 occurred"
"2","Warning: glm.fit: algorithm did not converge"
"2","Warning: glm.fit: fitted probabilities numerically 0 or 1 occurred"
"2","Warning: glm.fit: algorithm did not converge"
"2","Warning: glm.fit: fitted probabilities numerically 0 or 1 occurred"
"2","Warning: glm.fit: algorithm did not converge"
"2","Warning: glm.fit: fitted probabilities numerically 0 or 1 occurred"
"2","Warning: glm.fit: algorithm did not converge"
"2","Warning: glm.fit: fitted probabilities numerically 0 or 1 occurred"
"2","Warning: glm.fit: algorithm did not converge"
"2","Warning: glm.fit: fitted probabilities numerically 0 or 1 occurred"
"2","Warning: glm.fit: algorithm did not converge"
"2","Warning: glm.fit: fitted probabilities numerically 0 or 1 occurred"
"2","Warning: glm.fit: algorithm did not converge"
"2","Warning: glm.fit: fitted probabilities numerically 0 or 1 occurred"
"2","Warning: glm.fit: algorithm did not converge"
"2","Warning: glm.fit: fitted probabilities numerically 0 or 1 occurred"
"2","Warning: glm.fit: algorithm did not converge"
"2","Warning: glm.fit: fitted probabilities numerically 0 or 1 occurred"
"2","Warning: glm.fit: algorithm did not converge"
"2","Warning: glm.fit: fitted probabilities numerically 0 or 1 occurred"
"2","Warning: glm.fit: algorithm did not converge"
"2","Warning: glm.fit: fitted probabilities numerically 0 or 1 occurred"
"2","Warning: glm.fit: algorithm did not converge"
"2","Warning: glm.fit: fitted probabilities numerically 0 or 1 occurred"
"2","Warning: glm.fit: algorithm did not converge"
"2","Warning: glm.fit: fitted probabilities numerically 0 or 1 occurred"
"2","Warning: glm.fit: algorithm did not converge"
"2","Warning: glm.fit: fitted probabilities numerically 0 or 1 occurred"
"2","Warning: glm.fit: algorithm did not converge"
"2","Warning: glm.fit: fitted probabilities numerically 0 or 1 occurred"
"2","Warning: glm.fit: algorithm did not converge"
"2","Warning: glm.fit: fitted probabilities numerically 0 or 1 occurred"
"2","Warning: glm.fit: algorithm did not converge"
"2","Warning: glm.fit: fitted probabilities numerically 0 or 1 occurred"
"2","Warning: glm.fit: algorithm did not converge"
"2","Warning: glm.fit: fitted probabilities numerically 0 or 1 occurred"
"2","Warning: glm.fit: algorithm did not converge"
"2","Warning: glm.fit: fitted probabilities numerically 0 or 1 occurred"
"2","Warning: glm.fit: algorithm did not converge"
"2","Warning: glm.fit: fitted probabilities numerically 0 or 1 occurred"
"2","Warning: glm.fit: algorithm did not converge"
"2","Warning: glm.fit: fitted probabilities numerically 0 or 1 occurred"
"2","Warning: glm.fit: algorithm did not converge"
"2","Warning: glm.fit: fitted probabilities numerically 0 or 1 occurred"
"2","Warning: glm.fit: algorithm did not converge"
"2","Warning: glm.fit: fitted probabilities numerically 0 or 1 occurred"
"1","      "
"1"," Df"
"1","   Deviance"
"1"," AIC"
"1","
- Q1  "
"1","  1"
"1"," 1.4725e-09"
"1","  94"
"1","
- Q5  "
"1","  1"
"1"," 1.4731e-09"
"1","  94"
"1","
- Q31 "
"1","  1"
"1"," 1.4737e-09"
"1","  94"
"1","
- Q36 "
"1","  1"
"1"," 1.4747e-09"
"1","  94"
"1","
- Q9  "
"1","  1"
"1"," 1.4748e-09"
"1","  94"
"1","
- Q41 "
"1","  1"
"1"," 1.4749e-09"
"1","  94"
"1","
- Q21 "
"1","  1"
"1"," 1.4751e-09"
"1","  94"
"1","
- Q30 "
"1","  1"
"1"," 1.4753e-09"
"1","  94"
"1","
- Q19 "
"1","  1"
"1"," 1.4755e-09"
"1","  94"
"1","
- Q32 "
"1","  1"
"1"," 1.4759e-09"
"1","  94"
"1","
- Q18 "
"1","  1"
"1"," 1.4764e-09"
"1","  94"
"1","
- Q42 "
"1","  1"
"1"," 1.4784e-09"
"1","  94"
"1","
- Q34 "
"1","  1"
"1"," 1.4785e-09"
"1","  94"
"1","
- Q20 "
"1","  1"
"1"," 1.4791e-09"
"1","  94"
"1","
- Q8  "
"1","  1"
"1"," 1.4827e-09"
"1","  94"
"1","
- Q51 "
"1","  1"
"1"," 1.4837e-09"
"1","  94"
"1","
- Q50 "
"1","  1"
"1"," 1.4850e-09"
"1","  94"
"1","
- Q7  "
"1","  1"
"1"," 1.4857e-09"
"1","  94"
"1","
- Q33 "
"1","  1"
"1"," 1.4870e-09"
"1","  94"
"1","
- Q2  "
"1","  1"
"1"," 1.4875e-09"
"1","  94"
"1","
- Q15 "
"1","  1"
"1"," 1.4908e-09"
"1","  94"
"1","
- Q45 "
"1","  1"
"1"," 1.4929e-09"
"1","  94"
"1","
- Q44 "
"1","  1"
"1"," 1.4931e-09"
"1","  94"
"1","
- Q27 "
"1","  1"
"1"," 1.4955e-09"
"1","  94"
"1","
- Q39 "
"1","  1"
"1"," 1.4959e-09"
"1","  94"
"1","
- Q37 "
"1","  1"
"1"," 1.4967e-09"
"1","  94"
"1","
- Q38 "
"1","  1"
"1"," 1.4996e-09"
"1","  94"
"1","
- Q17 "
"1","  1"
"1"," 1.5026e-09"
"1","  94"
"1","
- Q54 "
"1","  1"
"1"," 1.5054e-09"
"1","  94"
"1","
- Q47 "
"1","  1"
"1"," 1.5058e-09"
"1","  94"
"1","
- Q49 "
"1","  1"
"1"," 1.5073e-09"
"1","  94"
"1","
- Q4  "
"1","  1"
"1"," 1.5073e-09"
"1","  94"
"1","
- Q22 "
"1","  1"
"1"," 1.5077e-09"
"1","  94"
"1","
- Q6  "
"1","  1"
"1"," 1.5092e-09"
"1","  94"
"1","
- Q11 "
"1","  1"
"1"," 1.5160e-09"
"1","  94"
"1","
- Q14 "
"1","  1"
"1"," 1.5211e-09"
"1","  94"
"1","
- Q28 "
"1","  1"
"1"," 1.5248e-09"
"1","  94"
"1","
- Q12 "
"1","  1"
"1"," 1.5265e-09"
"1","  94"
"1","
- Q10 "
"1","  1"
"1"," 1.5274e-09"
"1","  94"
"1","
- Q43 "
"1","  1"
"1"," 1.5275e-09"
"1","  94"
"1","
- Q24 "
"1","  1"
"1"," 1.5301e-09"
"1","  94"
"1","
- Q23 "
"1","  1"
"1"," 1.5328e-09"
"1","  94"
"1","
- Q48 "
"1","  1"
"1"," 1.5503e-09"
"1","  94"
"1","
- Q46 "
"1","  1"
"1"," 1.5522e-09"
"1","  94"
"1","
- Q26 "
"1","  1"
"1"," 1.5961e-09"
"1","  94"
"1","
- Q40 "
"1","  1"
"1"," 1.6484e-09"
"1","  94"
"1","
- Q52 "
"1","  1"
"1"," 1.6593e-09"
"1","  94"
"1","
<none>"
"1","   "
"1"," 1.4711e-09"
"1","  96"
"1","
"
"2","Warning: glm.fit: algorithm did not converge"
"2","Warning: glm.fit: fitted probabilities numerically 0 or 1 occurred"
"1","
Step:  AIC="
"1",""
"1","94"
"1",""
"1","
"
"1",""
"1","Divorce ~ Q2 + Q4 + Q5 + Q6 + Q7 + Q8 + Q9 + Q10 + Q11 + Q12 + "
"1",""
"1","
    Q14 + Q15 + Q17 + Q18 + Q19 + Q20 + Q21 + Q22 + Q23 + Q24 + "
"1",""
"1","
    Q26 + Q27 + Q28 + Q30 + Q31 + Q32 + Q33 + Q34 + Q36 + Q37 + "
"1",""
"1","
    Q38 + Q39 + Q40 + Q41 + Q42 + Q43 + Q44 + Q45 + Q46 + Q47 + "
"1",""
"1","
    Q48 + Q49 + Q50 + Q51 + Q52 + Q54"
"1",""
"1","

"
"2","Warning: glm.fit: algorithm did not converge"
"2","Warning: glm.fit: fitted probabilities numerically 0 or 1 occurred"
"2","Warning: glm.fit: algorithm did not converge"
"2","Warning: glm.fit: fitted probabilities numerically 0 or 1 occurred"
"2","Warning: glm.fit: algorithm did not converge"
"2","Warning: glm.fit: fitted probabilities numerically 0 or 1 occurred"
"2","Warning: glm.fit: algorithm did not converge"
"2","Warning: glm.fit: fitted probabilities numerically 0 or 1 occurred"
"2","Warning: glm.fit: algorithm did not converge"
"2","Warning: glm.fit: fitted probabilities numerically 0 or 1 occurred"
"2","Warning: glm.fit: algorithm did not converge"
"2","Warning: glm.fit: fitted probabilities numerically 0 or 1 occurred"
"2","Warning: glm.fit: algorithm did not converge"
"2","Warning: glm.fit: fitted probabilities numerically 0 or 1 occurred"
"2","Warning: glm.fit: algorithm did not converge"
"2","Warning: glm.fit: fitted probabilities numerically 0 or 1 occurred"
"2","Warning: glm.fit: algorithm did not converge"
"2","Warning: glm.fit: fitted probabilities numerically 0 or 1 occurred"
"2","Warning: glm.fit: algorithm did not converge"
"2","Warning: glm.fit: fitted probabilities numerically 0 or 1 occurred"
"2","Warning: glm.fit: algorithm did not converge"
"2","Warning: glm.fit: fitted probabilities numerically 0 or 1 occurred"
"2","Warning: glm.fit: algorithm did not converge"
"2","Warning: glm.fit: fitted probabilities numerically 0 or 1 occurred"
"2","Warning: glm.fit: algorithm did not converge"
"2","Warning: glm.fit: fitted probabilities numerically 0 or 1 occurred"
"2","Warning: glm.fit: algorithm did not converge"
"2","Warning: glm.fit: fitted probabilities numerically 0 or 1 occurred"
"2","Warning: glm.fit: algorithm did not converge"
"2","Warning: glm.fit: fitted probabilities numerically 0 or 1 occurred"
"2","Warning: glm.fit: algorithm did not converge"
"2","Warning: glm.fit: fitted probabilities numerically 0 or 1 occurred"
"2","Warning: glm.fit: algorithm did not converge"
"2","Warning: glm.fit: fitted probabilities numerically 0 or 1 occurred"
"2","Warning: glm.fit: algorithm did not converge"
"2","Warning: glm.fit: fitted probabilities numerically 0 or 1 occurred"
"2","Warning: glm.fit: algorithm did not converge"
"2","Warning: glm.fit: fitted probabilities numerically 0 or 1 occurred"
"2","Warning: glm.fit: algorithm did not converge"
"2","Warning: glm.fit: fitted probabilities numerically 0 or 1 occurred"
"2","Warning: glm.fit: algorithm did not converge"
"2","Warning: glm.fit: fitted probabilities numerically 0 or 1 occurred"
"2","Warning: glm.fit: algorithm did not converge"
"2","Warning: glm.fit: fitted probabilities numerically 0 or 1 occurred"
"2","Warning: glm.fit: algorithm did not converge"
"2","Warning: glm.fit: fitted probabilities numerically 0 or 1 occurred"
"2","Warning: glm.fit: algorithm did not converge"
"2","Warning: glm.fit: fitted probabilities numerically 0 or 1 occurred"
"2","Warning: glm.fit: algorithm did not converge"
"2","Warning: glm.fit: fitted probabilities numerically 0 or 1 occurred"
"2","Warning: glm.fit: algorithm did not converge"
"2","Warning: glm.fit: fitted probabilities numerically 0 or 1 occurred"
"2","Warning: glm.fit: algorithm did not converge"
"2","Warning: glm.fit: fitted probabilities numerically 0 or 1 occurred"
"2","Warning: glm.fit: algorithm did not converge"
"2","Warning: glm.fit: fitted probabilities numerically 0 or 1 occurred"
"2","Warning: glm.fit: algorithm did not converge"
"2","Warning: glm.fit: fitted probabilities numerically 0 or 1 occurred"
"2","Warning: glm.fit: algorithm did not converge"
"2","Warning: glm.fit: fitted probabilities numerically 0 or 1 occurred"
"2","Warning: glm.fit: algorithm did not converge"
"2","Warning: glm.fit: fitted probabilities numerically 0 or 1 occurred"
"2","Warning: glm.fit: algorithm did not converge"
"2","Warning: glm.fit: fitted probabilities numerically 0 or 1 occurred"
"2","Warning: glm.fit: algorithm did not converge"
"2","Warning: glm.fit: fitted probabilities numerically 0 or 1 occurred"
"2","Warning: glm.fit: algorithm did not converge"
"2","Warning: glm.fit: fitted probabilities numerically 0 or 1 occurred"
"2","Warning: glm.fit: algorithm did not converge"
"2","Warning: glm.fit: fitted probabilities numerically 0 or 1 occurred"
"2","Warning: glm.fit: algorithm did not converge"
"2","Warning: glm.fit: fitted probabilities numerically 0 or 1 occurred"
"2","Warning: glm.fit: algorithm did not converge"
"2","Warning: glm.fit: fitted probabilities numerically 0 or 1 occurred"
"2","Warning: glm.fit: algorithm did not converge"
"2","Warning: glm.fit: fitted probabilities numerically 0 or 1 occurred"
"2","Warning: glm.fit: algorithm did not converge"
"2","Warning: glm.fit: fitted probabilities numerically 0 or 1 occurred"
"2","Warning: glm.fit: algorithm did not converge"
"2","Warning: glm.fit: fitted probabilities numerically 0 or 1 occurred"
"2","Warning: glm.fit: algorithm did not converge"
"2","Warning: glm.fit: fitted probabilities numerically 0 or 1 occurred"
"2","Warning: glm.fit: algorithm did not converge"
"2","Warning: glm.fit: fitted probabilities numerically 0 or 1 occurred"
"2","Warning: glm.fit: algorithm did not converge"
"2","Warning: glm.fit: fitted probabilities numerically 0 or 1 occurred"
"2","Warning: glm.fit: algorithm did not converge"
"2","Warning: glm.fit: fitted probabilities numerically 0 or 1 occurred"
"2","Warning: glm.fit: algorithm did not converge"
"2","Warning: glm.fit: fitted probabilities numerically 0 or 1 occurred"
"2","Warning: glm.fit: algorithm did not converge"
"2","Warning: glm.fit: fitted probabilities numerically 0 or 1 occurred"
"1","      "
"1"," Df"
"1","   Deviance"
"1"," AIC"
"1","
- Q5  "
"1","  1"
"1"," 1.4738e-09"
"1","  92"
"1","
- Q31 "
"1","  1"
"1"," 1.4746e-09"
"1","  92"
"1","
- Q36 "
"1","  1"
"1"," 1.4748e-09"
"1","  92"
"1","
- Q41 "
"1","  1"
"1"," 1.4754e-09"
"1","  92"
"1","
- Q9  "
"1","  1"
"1"," 1.4758e-09"
"1","  92"
"1","
- Q30 "
"1","  1"
"1"," 1.4759e-09"
"1","  92"
"1","
- Q21 "
"1","  1"
"1"," 1.4767e-09"
"1","  92"
"1","
- Q32 "
"1","  1"
"1"," 1.4776e-09"
"1","  92"
"1","
- Q19 "
"1","  1"
"1"," 1.4784e-09"
"1","  92"
"1","
- Q20 "
"1","  1"
"1"," 1.4795e-09"
"1","  92"
"1","
- Q42 "
"1","  1"
"1"," 1.4806e-09"
"1","  92"
"1","
- Q34 "
"1","  1"
"1"," 1.4816e-09"
"1","  92"
"1","
- Q18 "
"1","  1"
"1"," 1.4831e-09"
"1","  92"
"1","
- Q50 "
"1","  1"
"1"," 1.4861e-09"
"1","  92"
"1","
- Q8  "
"1","  1"
"1"," 1.4869e-09"
"1","  92"
"1","
- Q2  "
"1","  1"
"1"," 1.4870e-09"
"1","  92"
"1","
- Q33 "
"1","  1"
"1"," 1.4871e-09"
"1","  92"
"1","
- Q51 "
"1","  1"
"1"," 1.4929e-09"
"1","  92"
"1","
- Q7  "
"1","  1"
"1"," 1.4929e-09"
"1","  92"
"1","
- Q44 "
"1","  1"
"1"," 1.4930e-09"
"1","  92"
"1","
- Q45 "
"1","  1"
"1"," 1.4934e-09"
"1","  92"
"1","
- Q15 "
"1","  1"
"1"," 1.4952e-09"
"1","  92"
"1","
- Q39 "
"1","  1"
"1"," 1.4965e-09"
"1","  92"
"1","
- Q37 "
"1","  1"
"1"," 1.4984e-09"
"1","  92"
"1","
- Q38 "
"1","  1"
"1"," 1.4992e-09"
"1","  92"
"1","
- Q27 "
"1","  1"
"1"," 1.5027e-09"
"1","  92"
"1","
- Q17 "
"1","  1"
"1"," 1.5037e-09"
"1","  92"
"1","
- Q47 "
"1","  1"
"1"," 1.5060e-09"
"1","  92"
"1","
- Q4  "
"1","  1"
"1"," 1.5072e-09"
"1","  92"
"1","
- Q49 "
"1","  1"
"1"," 1.5077e-09"
"1","  92"
"1","
- Q22 "
"1","  1"
"1"," 1.5082e-09"
"1","  92"
"1","
- Q6  "
"1","  1"
"1"," 1.5086e-09"
"1","  92"
"1","
- Q54 "
"1","  1"
"1"," 1.5095e-09"
"1","  92"
"1","
- Q11 "
"1","  1"
"1"," 1.5162e-09"
"1","  92"
"1","
- Q14 "
"1","  1"
"1"," 1.5222e-09"
"1","  92"
"1","
- Q10 "
"1","  1"
"1"," 1.5281e-09"
"1","  92"
"1","
- Q28 "
"1","  1"
"1"," 1.5288e-09"
"1","  92"
"1","
- Q24 "
"1","  1"
"1"," 1.5306e-09"
"1","  92"
"1","
- Q43 "
"1","  1"
"1"," 1.5335e-09"
"1","  92"
"1","
- Q23 "
"1","  1"
"1"," 1.5342e-09"
"1","  92"
"1","
- Q12 "
"1","  1"
"1"," 1.5396e-09"
"1","  92"
"1","
- Q48 "
"1","  1"
"1"," 1.5511e-09"
"1","  92"
"1","
- Q46 "
"1","  1"
"1"," 1.5536e-09"
"1","  92"
"1","
- Q26 "
"1","  1"
"1"," 1.6041e-09"
"1","  92"
"1","
- Q40 "
"1","  1"
"1"," 1.6519e-09"
"1","  92"
"1","
- Q52 "
"1","  1"
"1"," 1.6657e-09"
"1","  92"
"1","
<none>"
"1","   "
"1"," 1.4725e-09"
"1","  94"
"1","
"
"2","Warning: glm.fit: algorithm did not converge"
"2","Warning: glm.fit: fitted probabilities numerically 0 or 1 occurred"
"1","
Step:  AIC="
"1",""
"1","92"
"1",""
"1","
"
"1",""
"1","Divorce ~ Q2 + Q4 + Q6 + Q7 + Q8 + Q9 + Q10 + Q11 + Q12 + Q14 + "
"1",""
"1","
    Q15 + Q17 + Q18 + Q19 + Q20 + Q21 + Q22 + Q23 + Q24 + Q26 + "
"1",""
"1","
    Q27 + Q28 + Q30 + Q31 + Q32 + Q33 + Q34 + Q36 + Q37 + Q38 + "
"1",""
"1","
    Q39 + Q40 + Q41 + Q42 + Q43 + Q44 + Q45 + Q46 + Q47 + Q48 + "
"1",""
"1","
    Q49 + Q50 + Q51 + Q52 + Q54"
"1",""
"1","

"
"2","Warning: glm.fit: algorithm did not converge"
"2","Warning: glm.fit: fitted probabilities numerically 0 or 1 occurred"
"2","Warning: glm.fit: algorithm did not converge"
"2","Warning: glm.fit: fitted probabilities numerically 0 or 1 occurred"
"2","Warning: glm.fit: algorithm did not converge"
"2","Warning: glm.fit: fitted probabilities numerically 0 or 1 occurred"
"2","Warning: glm.fit: algorithm did not converge"
"2","Warning: glm.fit: fitted probabilities numerically 0 or 1 occurred"
"2","Warning: glm.fit: algorithm did not converge"
"2","Warning: glm.fit: fitted probabilities numerically 0 or 1 occurred"
"2","Warning: glm.fit: algorithm did not converge"
"2","Warning: glm.fit: fitted probabilities numerically 0 or 1 occurred"
"2","Warning: glm.fit: algorithm did not converge"
"2","Warning: glm.fit: fitted probabilities numerically 0 or 1 occurred"
"2","Warning: glm.fit: algorithm did not converge"
"2","Warning: glm.fit: fitted probabilities numerically 0 or 1 occurred"
"2","Warning: glm.fit: algorithm did not converge"
"2","Warning: glm.fit: fitted probabilities numerically 0 or 1 occurred"
"2","Warning: glm.fit: algorithm did not converge"
"2","Warning: glm.fit: fitted probabilities numerically 0 or 1 occurred"
"2","Warning: glm.fit: algorithm did not converge"
"2","Warning: glm.fit: fitted probabilities numerically 0 or 1 occurred"
"2","Warning: glm.fit: algorithm did not converge"
"2","Warning: glm.fit: fitted probabilities numerically 0 or 1 occurred"
"2","Warning: glm.fit: algorithm did not converge"
"2","Warning: glm.fit: fitted probabilities numerically 0 or 1 occurred"
"2","Warning: glm.fit: algorithm did not converge"
"2","Warning: glm.fit: fitted probabilities numerically 0 or 1 occurred"
"2","Warning: glm.fit: algorithm did not converge"
"2","Warning: glm.fit: fitted probabilities numerically 0 or 1 occurred"
"2","Warning: glm.fit: algorithm did not converge"
"2","Warning: glm.fit: fitted probabilities numerically 0 or 1 occurred"
"2","Warning: glm.fit: algorithm did not converge"
"2","Warning: glm.fit: fitted probabilities numerically 0 or 1 occurred"
"2","Warning: glm.fit: algorithm did not converge"
"2","Warning: glm.fit: fitted probabilities numerically 0 or 1 occurred"
"2","Warning: glm.fit: algorithm did not converge"
"2","Warning: glm.fit: fitted probabilities numerically 0 or 1 occurred"
"2","Warning: glm.fit: algorithm did not converge"
"2","Warning: glm.fit: fitted probabilities numerically 0 or 1 occurred"
"2","Warning: glm.fit: algorithm did not converge"
"2","Warning: glm.fit: fitted probabilities numerically 0 or 1 occurred"
"2","Warning: glm.fit: algorithm did not converge"
"2","Warning: glm.fit: fitted probabilities numerically 0 or 1 occurred"
"2","Warning: glm.fit: algorithm did not converge"
"2","Warning: glm.fit: fitted probabilities numerically 0 or 1 occurred"
"2","Warning: glm.fit: algorithm did not converge"
"2","Warning: glm.fit: fitted probabilities numerically 0 or 1 occurred"
"2","Warning: glm.fit: algorithm did not converge"
"2","Warning: glm.fit: fitted probabilities numerically 0 or 1 occurred"
"2","Warning: glm.fit: algorithm did not converge"
"2","Warning: glm.fit: fitted probabilities numerically 0 or 1 occurred"
"2","Warning: glm.fit: algorithm did not converge"
"2","Warning: glm.fit: fitted probabilities numerically 0 or 1 occurred"
"2","Warning: glm.fit: algorithm did not converge"
"2","Warning: glm.fit: fitted probabilities numerically 0 or 1 occurred"
"2","Warning: glm.fit: algorithm did not converge"
"2","Warning: glm.fit: fitted probabilities numerically 0 or 1 occurred"
"2","Warning: glm.fit: algorithm did not converge"
"2","Warning: glm.fit: fitted probabilities numerically 0 or 1 occurred"
"2","Warning: glm.fit: algorithm did not converge"
"2","Warning: glm.fit: fitted probabilities numerically 0 or 1 occurred"
"2","Warning: glm.fit: algorithm did not converge"
"2","Warning: glm.fit: fitted probabilities numerically 0 or 1 occurred"
"2","Warning: glm.fit: algorithm did not converge"
"2","Warning: glm.fit: fitted probabilities numerically 0 or 1 occurred"
"2","Warning: glm.fit: algorithm did not converge"
"2","Warning: glm.fit: fitted probabilities numerically 0 or 1 occurred"
"2","Warning: glm.fit: algorithm did not converge"
"2","Warning: glm.fit: fitted probabilities numerically 0 or 1 occurred"
"2","Warning: glm.fit: algorithm did not converge"
"2","Warning: glm.fit: fitted probabilities numerically 0 or 1 occurred"
"2","Warning: glm.fit: algorithm did not converge"
"2","Warning: glm.fit: fitted probabilities numerically 0 or 1 occurred"
"2","Warning: glm.fit: algorithm did not converge"
"2","Warning: glm.fit: fitted probabilities numerically 0 or 1 occurred"
"2","Warning: glm.fit: algorithm did not converge"
"2","Warning: glm.fit: fitted probabilities numerically 0 or 1 occurred"
"2","Warning: glm.fit: algorithm did not converge"
"2","Warning: glm.fit: fitted probabilities numerically 0 or 1 occurred"
"2","Warning: glm.fit: algorithm did not converge"
"2","Warning: glm.fit: fitted probabilities numerically 0 or 1 occurred"
"2","Warning: glm.fit: algorithm did not converge"
"2","Warning: glm.fit: fitted probabilities numerically 0 or 1 occurred"
"2","Warning: glm.fit: algorithm did not converge"
"2","Warning: glm.fit: fitted probabilities numerically 0 or 1 occurred"
"2","Warning: glm.fit: algorithm did not converge"
"2","Warning: glm.fit: fitted probabilities numerically 0 or 1 occurred"
"2","Warning: glm.fit: algorithm did not converge"
"2","Warning: glm.fit: fitted probabilities numerically 0 or 1 occurred"
"1","      "
"1"," Df"
"1","   Deviance"
"1"," AIC"
"1","
- Q31 "
"1","  1"
"1"," 1.4765e-09"
"1","  90"
"1","
- Q36 "
"1","  1"
"1"," 1.4767e-09"
"1","  90"
"1","
- Q9  "
"1","  1"
"1"," 1.4777e-09"
"1","  90"
"1","
- Q32 "
"1","  1"
"1"," 1.4780e-09"
"1","  90"
"1","
- Q41 "
"1","  1"
"1"," 1.4780e-09"
"1","  90"
"1","
- Q30 "
"1","  1"
"1"," 1.4782e-09"
"1","  90"
"1","
- Q19 "
"1","  1"
"1"," 1.4810e-09"
"1","  90"
"1","
- Q34 "
"1","  1"
"1"," 1.4841e-09"
"1","  90"
"1","
- Q42 "
"1","  1"
"1"," 1.4841e-09"
"1","  90"
"1","
- Q20 "
"1","  1"
"1"," 1.4851e-09"
"1","  90"
"1","
- Q18 "
"1","  1"
"1"," 1.4853e-09"
"1","  90"
"1","
- Q21 "
"1","  1"
"1"," 1.4862e-09"
"1","  90"
"1","
- Q50 "
"1","  1"
"1"," 1.4875e-09"
"1","  90"
"1","
- Q33 "
"1","  1"
"1"," 1.4879e-09"
"1","  90"
"1","
- Q8  "
"1","  1"
"1"," 1.4897e-09"
"1","  90"
"1","
- Q51 "
"1","  1"
"1"," 1.4944e-09"
"1","  90"
"1","
- Q7  "
"1","  1"
"1"," 1.4947e-09"
"1","  90"
"1","
- Q44 "
"1","  1"
"1"," 1.4959e-09"
"1","  90"
"1","
- Q2  "
"1","  1"
"1"," 1.4967e-09"
"1","  90"
"1","
- Q45 "
"1","  1"
"1"," 1.4978e-09"
"1","  90"
"1","
- Q39 "
"1","  1"
"1"," 1.5007e-09"
"1","  90"
"1","
- Q38 "
"1","  1"
"1"," 1.5010e-09"
"1","  90"
"1","
- Q37 "
"1","  1"
"1"," 1.5019e-09"
"1","  90"
"1","
- Q15 "
"1","  1"
"1"," 1.5022e-09"
"1","  90"
"1","
- Q17 "
"1","  1"
"1"," 1.5074e-09"
"1","  90"
"1","
- Q47 "
"1","  1"
"1"," 1.5078e-09"
"1","  90"
"1","
- Q27 "
"1","  1"
"1"," 1.5085e-09"
"1","  90"
"1","
- Q49 "
"1","  1"
"1"," 1.5111e-09"
"1","  90"
"1","
- Q22 "
"1","  1"
"1"," 1.5113e-09"
"1","  90"
"1","
- Q11 "
"1","  1"
"1"," 1.5154e-09"
"1","  90"
"1","
- Q4  "
"1","  1"
"1"," 1.5184e-09"
"1","  90"
"1","
- Q54 "
"1","  1"
"1"," 1.5228e-09"
"1","  90"
"1","
- Q14 "
"1","  1"
"1"," 1.5246e-09"
"1","  90"
"1","
- Q10 "
"1","  1"
"1"," 1.5295e-09"
"1","  90"
"1","
- Q28 "
"1","  1"
"1"," 1.5308e-09"
"1","  90"
"1","
- Q24 "
"1","  1"
"1"," 1.5323e-09"
"1","  90"
"1","
- Q6  "
"1","  1"
"1"," 1.5327e-09"
"1","  90"
"1","
- Q43 "
"1","  1"
"1"," 1.5369e-09"
"1","  90"
"1","
- Q23 "
"1","  1"
"1"," 1.5409e-09"
"1","  90"
"1","
- Q12 "
"1","  1"
"1"," 1.5474e-09"
"1","  90"
"1","
- Q46 "
"1","  1"
"1"," 1.5554e-09"
"1","  90"
"1","
- Q48 "
"1","  1"
"1"," 1.5561e-09"
"1","  90"
"1","
- Q26 "
"1","  1"
"1"," 1.6234e-09"
"1","  90"
"1","
- Q40 "
"1","  1"
"1"," 1.6692e-09"
"1","  90"
"1","
- Q52 "
"1","  1"
"1"," 1.6752e-09"
"1","  90"
"1","
<none>"
"1","   "
"1"," 1.4738e-09"
"1","  92"
"1","
"
"2","Warning: glm.fit: algorithm did not converge"
"2","Warning: glm.fit: fitted probabilities numerically 0 or 1 occurred"
"1","
Step:  AIC="
"1",""
"1","90"
"1",""
"1","
"
"1",""
"1","Divorce ~ Q2 + Q4 + Q6 + Q7 + Q8 + Q9 + Q10 + Q11 + Q12 + Q14 + "
"1",""
"1","
    Q15 + Q17 + Q18 + Q19 + Q20 + Q21 + Q22 + Q23 + Q24 + Q26 + "
"1",""
"1","
    Q27 + Q28 + Q30 + Q32 + Q33 + Q34 + Q36 + Q37 + Q38 + Q39 + "
"1",""
"1","
    Q40 + Q41 + Q42 + Q43 + Q44 + Q45 + Q46 + Q47 + Q48 + Q49 + "
"1",""
"1","
    Q50 + Q51 + Q52 + Q54"
"1",""
"1","

"
"2","Warning: glm.fit: algorithm did not converge"
"2","Warning: glm.fit: fitted probabilities numerically 0 or 1 occurred"
"2","Warning: glm.fit: algorithm did not converge"
"2","Warning: glm.fit: fitted probabilities numerically 0 or 1 occurred"
"2","Warning: glm.fit: algorithm did not converge"
"2","Warning: glm.fit: fitted probabilities numerically 0 or 1 occurred"
"2","Warning: glm.fit: algorithm did not converge"
"2","Warning: glm.fit: fitted probabilities numerically 0 or 1 occurred"
"2","Warning: glm.fit: algorithm did not converge"
"2","Warning: glm.fit: fitted probabilities numerically 0 or 1 occurred"
"2","Warning: glm.fit: algorithm did not converge"
"2","Warning: glm.fit: fitted probabilities numerically 0 or 1 occurred"
"2","Warning: glm.fit: algorithm did not converge"
"2","Warning: glm.fit: fitted probabilities numerically 0 or 1 occurred"
"2","Warning: glm.fit: algorithm did not converge"
"2","Warning: glm.fit: fitted probabilities numerically 0 or 1 occurred"
"2","Warning: glm.fit: algorithm did not converge"
"2","Warning: glm.fit: fitted probabilities numerically 0 or 1 occurred"
"2","Warning: glm.fit: algorithm did not converge"
"2","Warning: glm.fit: fitted probabilities numerically 0 or 1 occurred"
"2","Warning: glm.fit: algorithm did not converge"
"2","Warning: glm.fit: fitted probabilities numerically 0 or 1 occurred"
"2","Warning: glm.fit: algorithm did not converge"
"2","Warning: glm.fit: fitted probabilities numerically 0 or 1 occurred"
"2","Warning: glm.fit: algorithm did not converge"
"2","Warning: glm.fit: fitted probabilities numerically 0 or 1 occurred"
"2","Warning: glm.fit: algorithm did not converge"
"2","Warning: glm.fit: fitted probabilities numerically 0 or 1 occurred"
"2","Warning: glm.fit: algorithm did not converge"
"2","Warning: glm.fit: fitted probabilities numerically 0 or 1 occurred"
"2","Warning: glm.fit: algorithm did not converge"
"2","Warning: glm.fit: fitted probabilities numerically 0 or 1 occurred"
"2","Warning: glm.fit: algorithm did not converge"
"2","Warning: glm.fit: fitted probabilities numerically 0 or 1 occurred"
"2","Warning: glm.fit: algorithm did not converge"
"2","Warning: glm.fit: fitted probabilities numerically 0 or 1 occurred"
"2","Warning: glm.fit: algorithm did not converge"
"2","Warning: glm.fit: fitted probabilities numerically 0 or 1 occurred"
"2","Warning: glm.fit: algorithm did not converge"
"2","Warning: glm.fit: fitted probabilities numerically 0 or 1 occurred"
"2","Warning: glm.fit: algorithm did not converge"
"2","Warning: glm.fit: fitted probabilities numerically 0 or 1 occurred"
"2","Warning: glm.fit: algorithm did not converge"
"2","Warning: glm.fit: fitted probabilities numerically 0 or 1 occurred"
"2","Warning: glm.fit: algorithm did not converge"
"2","Warning: glm.fit: fitted probabilities numerically 0 or 1 occurred"
"2","Warning: glm.fit: algorithm did not converge"
"2","Warning: glm.fit: fitted probabilities numerically 0 or 1 occurred"
"2","Warning: glm.fit: algorithm did not converge"
"2","Warning: glm.fit: fitted probabilities numerically 0 or 1 occurred"
"2","Warning: glm.fit: algorithm did not converge"
"2","Warning: glm.fit: fitted probabilities numerically 0 or 1 occurred"
"2","Warning: glm.fit: algorithm did not converge"
"2","Warning: glm.fit: fitted probabilities numerically 0 or 1 occurred"
"2","Warning: glm.fit: algorithm did not converge"
"2","Warning: glm.fit: fitted probabilities numerically 0 or 1 occurred"
"2","Warning: glm.fit: algorithm did not converge"
"2","Warning: glm.fit: fitted probabilities numerically 0 or 1 occurred"
"2","Warning: glm.fit: algorithm did not converge"
"2","Warning: glm.fit: fitted probabilities numerically 0 or 1 occurred"
"2","Warning: glm.fit: algorithm did not converge"
"2","Warning: glm.fit: fitted probabilities numerically 0 or 1 occurred"
"2","Warning: glm.fit: algorithm did not converge"
"2","Warning: glm.fit: fitted probabilities numerically 0 or 1 occurred"
"2","Warning: glm.fit: algorithm did not converge"
"2","Warning: glm.fit: fitted probabilities numerically 0 or 1 occurred"
"2","Warning: glm.fit: algorithm did not converge"
"2","Warning: glm.fit: fitted probabilities numerically 0 or 1 occurred"
"2","Warning: glm.fit: algorithm did not converge"
"2","Warning: glm.fit: fitted probabilities numerically 0 or 1 occurred"
"2","Warning: glm.fit: algorithm did not converge"
"2","Warning: glm.fit: fitted probabilities numerically 0 or 1 occurred"
"2","Warning: glm.fit: algorithm did not converge"
"2","Warning: glm.fit: fitted probabilities numerically 0 or 1 occurred"
"2","Warning: glm.fit: algorithm did not converge"
"2","Warning: glm.fit: fitted probabilities numerically 0 or 1 occurred"
"2","Warning: glm.fit: algorithm did not converge"
"2","Warning: glm.fit: fitted probabilities numerically 0 or 1 occurred"
"2","Warning: glm.fit: algorithm did not converge"
"2","Warning: glm.fit: fitted probabilities numerically 0 or 1 occurred"
"2","Warning: glm.fit: algorithm did not converge"
"2","Warning: glm.fit: fitted probabilities numerically 0 or 1 occurred"
"2","Warning: glm.fit: algorithm did not converge"
"2","Warning: glm.fit: fitted probabilities numerically 0 or 1 occurred"
"2","Warning: glm.fit: algorithm did not converge"
"2","Warning: glm.fit: fitted probabilities numerically 0 or 1 occurred"
"2","Warning: glm.fit: algorithm did not converge"
"2","Warning: glm.fit: fitted probabilities numerically 0 or 1 occurred"
"1","      "
"1"," Df"
"1","   Deviance"
"1"," AIC"
"1","
- Q30 "
"1","  1"
"1"," 1.4782e-09"
"1","  88"
"1","
- Q36 "
"1","  1"
"1"," 1.4796e-09"
"1","  88"
"1","
- Q9  "
"1","  1"
"1"," 1.4802e-09"
"1","  88"
"1","
- Q32 "
"1","  1"
"1"," 1.4808e-09"
"1","  88"
"1","
- Q41 "
"1","  1"
"1"," 1.4810e-09"
"1","  88"
"1","
- Q20 "
"1","  1"
"1"," 1.4856e-09"
"1","  88"
"1","
- Q18 "
"1","  1"
"1"," 1.4861e-09"
"1","  88"
"1","
- Q34 "
"1","  1"
"1"," 1.4868e-09"
"1","  88"
"1","
- Q42 "
"1","  1"
"1"," 1.4879e-09"
"1","  88"
"1","
- Q19 "
"1","  1"
"1"," 1.4884e-09"
"1","  88"
"1","
- Q8  "
"1","  1"
"1"," 1.4902e-09"
"1","  88"
"1","
- Q50 "
"1","  1"
"1"," 1.4903e-09"
"1","  88"
"1","
- Q21 "
"1","  1"
"1"," 1.4923e-09"
"1","  88"
"1","
- Q7  "
"1","  1"
"1"," 1.4955e-09"
"1","  88"
"1","
- Q44 "
"1","  1"
"1"," 1.4981e-09"
"1","  88"
"1","
- Q51 "
"1","  1"
"1"," 1.4989e-09"
"1","  88"
"1","
- Q33 "
"1","  1"
"1"," 1.5013e-09"
"1","  88"
"1","
- Q2  "
"1","  1"
"1"," 1.5017e-09"
"1","  88"
"1","
- Q45 "
"1","  1"
"1"," 1.5022e-09"
"1","  88"
"1","
- Q37 "
"1","  1"
"1"," 1.5022e-09"
"1","  88"
"1","
- Q38 "
"1","  1"
"1"," 1.5023e-09"
"1","  88"
"1","
- Q15 "
"1","  1"
"1"," 1.5040e-09"
"1","  88"
"1","
- Q39 "
"1","  1"
"1"," 1.5070e-09"
"1","  88"
"1","
- Q17 "
"1","  1"
"1"," 1.5089e-09"
"1","  88"
"1","
- Q47 "
"1","  1"
"1"," 1.5114e-09"
"1","  88"
"1","
- Q22 "
"1","  1"
"1"," 1.5135e-09"
"1","  88"
"1","
- Q49 "
"1","  1"
"1"," 1.5186e-09"
"1","  88"
"1","
- Q27 "
"1","  1"
"1"," 1.5197e-09"
"1","  88"
"1","
- Q4  "
"1","  1"
"1"," 1.5221e-09"
"1","  88"
"1","
- Q54 "
"1","  1"
"1"," 1.5239e-09"
"1","  88"
"1","
- Q14 "
"1","  1"
"1"," 1.5249e-09"
"1","  88"
"1","
- Q6  "
"1","  1"
"1"," 1.5342e-09"
"1","  88"
"1","
- Q11 "
"1","  1"
"1"," 1.5343e-09"
"1","  88"
"1","
- Q10 "
"1","  1"
"1"," 1.5365e-09"
"1","  88"
"1","
- Q24 "
"1","  1"
"1"," 1.5367e-09"
"1","  88"
"1","
- Q43 "
"1","  1"
"1"," 1.5400e-09"
"1","  88"
"1","
- Q28 "
"1","  1"
"1"," 1.5442e-09"
"1","  88"
"1","
- Q23 "
"1","  1"
"1"," 1.5453e-09"
"1","  88"
"1","
- Q12 "
"1","  1"
"1"," 1.5492e-09"
"1","  88"
"1","
- Q46 "
"1","  1"
"1"," 1.5550e-09"
"1","  88"
"1","
- Q48 "
"1","  1"
"1"," 1.5596e-09"
"1","  88"
"1","
- Q26 "
"1","  1"
"1"," 1.6300e-09"
"1","  88"
"1","
- Q40 "
"1","  1"
"1"," 1.6721e-09"
"1","  88"
"1","
- Q52 "
"1","  1"
"1"," 1.6823e-09"
"1","  88"
"1","
<none>"
"1","   "
"1"," 1.4765e-09"
"1","  90"
"1","
"
"2","Warning: glm.fit: algorithm did not converge"
"2","Warning: glm.fit: fitted probabilities numerically 0 or 1 occurred"
"1","
Step:  AIC="
"1",""
"1","88"
"1",""
"1","
"
"1",""
"1","Divorce ~ Q2 + Q4 + Q6 + Q7 + Q8 + Q9 + Q10 + Q11 + Q12 + Q14 + "
"1",""
"1","
    Q15 + Q17 + Q18 + Q19 + Q20 + Q21 + Q22 + Q23 + Q24 + Q26 + "
"1",""
"1","
    Q27 + Q28 + Q32 + Q33 + Q34 + Q36 + Q37 + Q38 + Q39 + Q40 + "
"1",""
"1","
    Q41 + Q42 + Q43 + Q44 + Q45 + Q46 + Q47 + Q48 + Q49 + Q50 + "
"1",""
"1","
    Q51 + Q52 + Q54"
"1",""
"1","

"
"2","Warning: glm.fit: algorithm did not converge"
"2","Warning: glm.fit: fitted probabilities numerically 0 or 1 occurred"
"2","Warning: glm.fit: algorithm did not converge"
"2","Warning: glm.fit: fitted probabilities numerically 0 or 1 occurred"
"2","Warning: glm.fit: algorithm did not converge"
"2","Warning: glm.fit: fitted probabilities numerically 0 or 1 occurred"
"2","Warning: glm.fit: algorithm did not converge"
"2","Warning: glm.fit: fitted probabilities numerically 0 or 1 occurred"
"2","Warning: glm.fit: algorithm did not converge"
"2","Warning: glm.fit: fitted probabilities numerically 0 or 1 occurred"
"2","Warning: glm.fit: algorithm did not converge"
"2","Warning: glm.fit: fitted probabilities numerically 0 or 1 occurred"
"2","Warning: glm.fit: algorithm did not converge"
"2","Warning: glm.fit: fitted probabilities numerically 0 or 1 occurred"
"2","Warning: glm.fit: algorithm did not converge"
"2","Warning: glm.fit: fitted probabilities numerically 0 or 1 occurred"
"2","Warning: glm.fit: algorithm did not converge"
"2","Warning: glm.fit: fitted probabilities numerically 0 or 1 occurred"
"2","Warning: glm.fit: algorithm did not converge"
"2","Warning: glm.fit: fitted probabilities numerically 0 or 1 occurred"
"2","Warning: glm.fit: algorithm did not converge"
"2","Warning: glm.fit: fitted probabilities numerically 0 or 1 occurred"
"2","Warning: glm.fit: algorithm did not converge"
"2","Warning: glm.fit: fitted probabilities numerically 0 or 1 occurred"
"2","Warning: glm.fit: algorithm did not converge"
"2","Warning: glm.fit: fitted probabilities numerically 0 or 1 occurred"
"2","Warning: glm.fit: algorithm did not converge"
"2","Warning: glm.fit: fitted probabilities numerically 0 or 1 occurred"
"2","Warning: glm.fit: algorithm did not converge"
"2","Warning: glm.fit: fitted probabilities numerically 0 or 1 occurred"
"2","Warning: glm.fit: algorithm did not converge"
"2","Warning: glm.fit: fitted probabilities numerically 0 or 1 occurred"
"2","Warning: glm.fit: algorithm did not converge"
"2","Warning: glm.fit: fitted probabilities numerically 0 or 1 occurred"
"2","Warning: glm.fit: algorithm did not converge"
"2","Warning: glm.fit: fitted probabilities numerically 0 or 1 occurred"
"2","Warning: glm.fit: algorithm did not converge"
"2","Warning: glm.fit: fitted probabilities numerically 0 or 1 occurred"
"2","Warning: glm.fit: algorithm did not converge"
"2","Warning: glm.fit: fitted probabilities numerically 0 or 1 occurred"
"2","Warning: glm.fit: algorithm did not converge"
"2","Warning: glm.fit: fitted probabilities numerically 0 or 1 occurred"
"2","Warning: glm.fit: algorithm did not converge"
"2","Warning: glm.fit: fitted probabilities numerically 0 or 1 occurred"
"2","Warning: glm.fit: algorithm did not converge"
"2","Warning: glm.fit: fitted probabilities numerically 0 or 1 occurred"
"2","Warning: glm.fit: algorithm did not converge"
"2","Warning: glm.fit: fitted probabilities numerically 0 or 1 occurred"
"2","Warning: glm.fit: algorithm did not converge"
"2","Warning: glm.fit: fitted probabilities numerically 0 or 1 occurred"
"2","Warning: glm.fit: algorithm did not converge"
"2","Warning: glm.fit: fitted probabilities numerically 0 or 1 occurred"
"2","Warning: glm.fit: algorithm did not converge"
"2","Warning: glm.fit: fitted probabilities numerically 0 or 1 occurred"
"2","Warning: glm.fit: algorithm did not converge"
"2","Warning: glm.fit: fitted probabilities numerically 0 or 1 occurred"
"2","Warning: glm.fit: algorithm did not converge"
"2","Warning: glm.fit: fitted probabilities numerically 0 or 1 occurred"
"2","Warning: glm.fit: algorithm did not converge"
"2","Warning: glm.fit: fitted probabilities numerically 0 or 1 occurred"
"2","Warning: glm.fit: algorithm did not converge"
"2","Warning: glm.fit: fitted probabilities numerically 0 or 1 occurred"
"2","Warning: glm.fit: algorithm did not converge"
"2","Warning: glm.fit: fitted probabilities numerically 0 or 1 occurred"
"2","Warning: glm.fit: algorithm did not converge"
"2","Warning: glm.fit: fitted probabilities numerically 0 or 1 occurred"
"2","Warning: glm.fit: algorithm did not converge"
"2","Warning: glm.fit: fitted probabilities numerically 0 or 1 occurred"
"2","Warning: glm.fit: algorithm did not converge"
"2","Warning: glm.fit: fitted probabilities numerically 0 or 1 occurred"
"2","Warning: glm.fit: algorithm did not converge"
"2","Warning: glm.fit: fitted probabilities numerically 0 or 1 occurred"
"2","Warning: glm.fit: algorithm did not converge"
"2","Warning: glm.fit: fitted probabilities numerically 0 or 1 occurred"
"2","Warning: glm.fit: algorithm did not converge"
"2","Warning: glm.fit: fitted probabilities numerically 0 or 1 occurred"
"2","Warning: glm.fit: algorithm did not converge"
"2","Warning: glm.fit: fitted probabilities numerically 0 or 1 occurred"
"2","Warning: glm.fit: algorithm did not converge"
"2","Warning: glm.fit: fitted probabilities numerically 0 or 1 occurred"
"2","Warning: glm.fit: algorithm did not converge"
"2","Warning: glm.fit: fitted probabilities numerically 0 or 1 occurred"
"2","Warning: glm.fit: algorithm did not converge"
"2","Warning: glm.fit: fitted probabilities numerically 0 or 1 occurred"
"2","Warning: glm.fit: algorithm did not converge"
"2","Warning: glm.fit: fitted probabilities numerically 0 or 1 occurred"
"1","      "
"1"," Df"
"1","   Deviance"
"1"," AIC"
"1","
- Q36 "
"1","  1"
"1"," 1.4806e-09"
"1","  86"
"1","
- Q9  "
"1","  1"
"1"," 1.4807e-09"
"1","  86"
"1","
- Q32 "
"1","  1"
"1"," 1.4818e-09"
"1","  86"
"1","
- Q41 "
"1","  1"
"1"," 1.4819e-09"
"1","  86"
"1","
- Q20 "
"1","  1"
"1"," 1.4859e-09"
"1","  86"
"1","
- Q34 "
"1","  1"
"1"," 1.4881e-09"
"1","  86"
"1","
- Q42 "
"1","  1"
"1"," 1.4888e-09"
"1","  86"
"1","
- Q18 "
"1","  1"
"1"," 1.4889e-09"
"1","  86"
"1","
- Q8  "
"1","  1"
"1"," 1.4914e-09"
"1","  86"
"1","
- Q19 "
"1","  1"
"1"," 1.4915e-09"
"1","  86"
"1","
- Q50 "
"1","  1"
"1"," 1.4926e-09"
"1","  86"
"1","
- Q21 "
"1","  1"
"1"," 1.4933e-09"
"1","  86"
"1","
- Q7  "
"1","  1"
"1"," 1.4954e-09"
"1","  86"
"1","
- Q44 "
"1","  1"
"1"," 1.4982e-09"
"1","  86"
"1","
- Q51 "
"1","  1"
"1"," 1.4990e-09"
"1","  86"
"1","
- Q33 "
"1","  1"
"1"," 1.5013e-09"
"1","  86"
"1","
- Q38 "
"1","  1"
"1"," 1.5025e-09"
"1","  86"
"1","
- Q37 "
"1","  1"
"1"," 1.5030e-09"
"1","  86"
"1","
- Q2  "
"1","  1"
"1"," 1.5031e-09"
"1","  86"
"1","
- Q45 "
"1","  1"
"1"," 1.5039e-09"
"1","  86"
"1","
- Q15 "
"1","  1"
"1"," 1.5044e-09"
"1","  86"
"1","
- Q39 "
"1","  1"
"1"," 1.5069e-09"
"1","  86"
"1","
- Q17 "
"1","  1"
"1"," 1.5109e-09"
"1","  86"
"1","
- Q47 "
"1","  1"
"1"," 1.5119e-09"
"1","  86"
"1","
- Q22 "
"1","  1"
"1"," 1.5141e-09"
"1","  86"
"1","
- Q49 "
"1","  1"
"1"," 1.5201e-09"
"1","  86"
"1","
- Q27 "
"1","  1"
"1"," 1.5227e-09"
"1","  86"
"1","
- Q54 "
"1","  1"
"1"," 1.5240e-09"
"1","  86"
"1","
- Q4  "
"1","  1"
"1"," 1.5249e-09"
"1","  86"
"1","
- Q14 "
"1","  1"
"1"," 1.5260e-09"
"1","  86"
"1","
- Q6  "
"1","  1"
"1"," 1.5347e-09"
"1","  86"
"1","
- Q11 "
"1","  1"
"1"," 1.5353e-09"
"1","  86"
"1","
- Q24 "
"1","  1"
"1"," 1.5372e-09"
"1","  86"
"1","
- Q10 "
"1","  1"
"1"," 1.5382e-09"
"1","  86"
"1","
- Q43 "
"1","  1"
"1"," 1.5438e-09"
"1","  86"
"1","
- Q23 "
"1","  1"
"1"," 1.5450e-09"
"1","  86"
"1","
- Q12 "
"1","  1"
"1"," 1.5496e-09"
"1","  86"
"1","
- Q28 "
"1","  1"
"1"," 1.5510e-09"
"1","  86"
"1","
- Q46 "
"1","  1"
"1"," 1.5551e-09"
"1","  86"
"1","
- Q48 "
"1","  1"
"1"," 1.5601e-09"
"1","  86"
"1","
- Q26 "
"1","  1"
"1"," 1.6501e-09"
"1","  86"
"1","
- Q40 "
"1","  1"
"1"," 1.6814e-09"
"1","  86"
"1","
- Q52 "
"1","  1"
"1"," 1.7172e-09"
"1","  86"
"1","
<none>"
"1","   "
"1"," 1.4782e-09"
"1","  88"
"1","
"
"2","Warning: glm.fit: algorithm did not converge"
"2","Warning: glm.fit: fitted probabilities numerically 0 or 1 occurred"
"1","
Step:  AIC="
"1",""
"1","86"
"1",""
"1","
"
"1",""
"1","Divorce ~ Q2 + Q4 + Q6 + Q7 + Q8 + Q9 + Q10 + Q11 + Q12 + Q14 + "
"1",""
"1","
    Q15 + Q17 + Q18 + Q19 + Q20 + Q21 + Q22 + Q23 + Q24 + Q26 + "
"1",""
"1","
    Q27 + Q28 + Q32 + Q33 + Q34 + Q37 + Q38 + Q39 + Q40 + Q41 + "
"1",""
"1","
    Q42 + Q43 + Q44 + Q45 + Q46 + Q47 + Q48 + Q49 + Q50 + Q51 + "
"1",""
"1","
    Q52 + Q54"
"1",""
"1","

"
"2","Warning: glm.fit: algorithm did not converge"
"2","Warning: glm.fit: fitted probabilities numerically 0 or 1 occurred"
"2","Warning: glm.fit: algorithm did not converge"
"2","Warning: glm.fit: fitted probabilities numerically 0 or 1 occurred"
"2","Warning: glm.fit: algorithm did not converge"
"2","Warning: glm.fit: fitted probabilities numerically 0 or 1 occurred"
"2","Warning: glm.fit: algorithm did not converge"
"2","Warning: glm.fit: fitted probabilities numerically 0 or 1 occurred"
"2","Warning: glm.fit: algorithm did not converge"
"2","Warning: glm.fit: fitted probabilities numerically 0 or 1 occurred"
"2","Warning: glm.fit: algorithm did not converge"
"2","Warning: glm.fit: fitted probabilities numerically 0 or 1 occurred"
"2","Warning: glm.fit: algorithm did not converge"
"2","Warning: glm.fit: fitted probabilities numerically 0 or 1 occurred"
"2","Warning: glm.fit: algorithm did not converge"
"2","Warning: glm.fit: fitted probabilities numerically 0 or 1 occurred"
"2","Warning: glm.fit: algorithm did not converge"
"2","Warning: glm.fit: fitted probabilities numerically 0 or 1 occurred"
"2","Warning: glm.fit: algorithm did not converge"
"2","Warning: glm.fit: fitted probabilities numerically 0 or 1 occurred"
"2","Warning: glm.fit: algorithm did not converge"
"2","Warning: glm.fit: fitted probabilities numerically 0 or 1 occurred"
"2","Warning: glm.fit: algorithm did not converge"
"2","Warning: glm.fit: fitted probabilities numerically 0 or 1 occurred"
"2","Warning: glm.fit: algorithm did not converge"
"2","Warning: glm.fit: fitted probabilities numerically 0 or 1 occurred"
"2","Warning: glm.fit: algorithm did not converge"
"2","Warning: glm.fit: fitted probabilities numerically 0 or 1 occurred"
"2","Warning: glm.fit: algorithm did not converge"
"2","Warning: glm.fit: fitted probabilities numerically 0 or 1 occurred"
"2","Warning: glm.fit: algorithm did not converge"
"2","Warning: glm.fit: fitted probabilities numerically 0 or 1 occurred"
"2","Warning: glm.fit: algorithm did not converge"
"2","Warning: glm.fit: fitted probabilities numerically 0 or 1 occurred"
"2","Warning: glm.fit: algorithm did not converge"
"2","Warning: glm.fit: fitted probabilities numerically 0 or 1 occurred"
"2","Warning: glm.fit: algorithm did not converge"
"2","Warning: glm.fit: fitted probabilities numerically 0 or 1 occurred"
"2","Warning: glm.fit: algorithm did not converge"
"2","Warning: glm.fit: fitted probabilities numerically 0 or 1 occurred"
"2","Warning: glm.fit: algorithm did not converge"
"2","Warning: glm.fit: fitted probabilities numerically 0 or 1 occurred"
"2","Warning: glm.fit: algorithm did not converge"
"2","Warning: glm.fit: fitted probabilities numerically 0 or 1 occurred"
"2","Warning: glm.fit: algorithm did not converge"
"2","Warning: glm.fit: fitted probabilities numerically 0 or 1 occurred"
"2","Warning: glm.fit: algorithm did not converge"
"2","Warning: glm.fit: fitted probabilities numerically 0 or 1 occurred"
"2","Warning: glm.fit: algorithm did not converge"
"2","Warning: glm.fit: fitted probabilities numerically 0 or 1 occurred"
"2","Warning: glm.fit: algorithm did not converge"
"2","Warning: glm.fit: fitted probabilities numerically 0 or 1 occurred"
"2","Warning: glm.fit: algorithm did not converge"
"2","Warning: glm.fit: fitted probabilities numerically 0 or 1 occurred"
"2","Warning: glm.fit: algorithm did not converge"
"2","Warning: glm.fit: fitted probabilities numerically 0 or 1 occurred"
"2","Warning: glm.fit: algorithm did not converge"
"2","Warning: glm.fit: fitted probabilities numerically 0 or 1 occurred"
"2","Warning: glm.fit: algorithm did not converge"
"2","Warning: glm.fit: fitted probabilities numerically 0 or 1 occurred"
"2","Warning: glm.fit: algorithm did not converge"
"2","Warning: glm.fit: fitted probabilities numerically 0 or 1 occurred"
"2","Warning: glm.fit: algorithm did not converge"
"2","Warning: glm.fit: fitted probabilities numerically 0 or 1 occurred"
"2","Warning: glm.fit: algorithm did not converge"
"2","Warning: glm.fit: fitted probabilities numerically 0 or 1 occurred"
"2","Warning: glm.fit: algorithm did not converge"
"2","Warning: glm.fit: fitted probabilities numerically 0 or 1 occurred"
"2","Warning: glm.fit: algorithm did not converge"
"2","Warning: glm.fit: fitted probabilities numerically 0 or 1 occurred"
"2","Warning: glm.fit: algorithm did not converge"
"2","Warning: glm.fit: fitted probabilities numerically 0 or 1 occurred"
"2","Warning: glm.fit: algorithm did not converge"
"2","Warning: glm.fit: fitted probabilities numerically 0 or 1 occurred"
"2","Warning: glm.fit: algorithm did not converge"
"2","Warning: glm.fit: fitted probabilities numerically 0 or 1 occurred"
"2","Warning: glm.fit: algorithm did not converge"
"2","Warning: glm.fit: fitted probabilities numerically 0 or 1 occurred"
"2","Warning: glm.fit: algorithm did not converge"
"2","Warning: glm.fit: fitted probabilities numerically 0 or 1 occurred"
"2","Warning: glm.fit: algorithm did not converge"
"2","Warning: glm.fit: fitted probabilities numerically 0 or 1 occurred"
"2","Warning: glm.fit: algorithm did not converge"
"2","Warning: glm.fit: fitted probabilities numerically 0 or 1 occurred"
"1","      "
"1"," Df"
"1","   Deviance"
"1"," AIC"
"1","
- Q9  "
"1","  1"
"1"," 1.4822e-09"
"1","  84"
"1","
- Q41 "
"1","  1"
"1"," 1.4826e-09"
"1","  84"
"1","
- Q32 "
"1","  1"
"1"," 1.4833e-09"
"1","  84"
"1","
- Q20 "
"1","  1"
"1"," 1.4860e-09"
"1","  84"
"1","
- Q42 "
"1","  1"
"1"," 1.4886e-09"
"1","  84"
"1","
- Q34 "
"1","  1"
"1"," 1.4905e-09"
"1","  84"
"1","
- Q50 "
"1","  1"
"1"," 1.4929e-09"
"1","  84"
"1","
- Q8  "
"1","  1"
"1"," 1.4930e-09"
"1","  84"
"1","
- Q19 "
"1","  1"
"1"," 1.4932e-09"
"1","  84"
"1","
- Q21 "
"1","  1"
"1"," 1.4939e-09"
"1","  84"
"1","
- Q7  "
"1","  1"
"1"," 1.4975e-09"
"1","  84"
"1","
- Q44 "
"1","  1"
"1"," 1.4983e-09"
"1","  84"
"1","
- Q51 "
"1","  1"
"1"," 1.4988e-09"
"1","  84"
"1","
- Q18 "
"1","  1"
"1"," 1.4991e-09"
"1","  84"
"1","
- Q33 "
"1","  1"
"1"," 1.5014e-09"
"1","  84"
"1","
- Q2  "
"1","  1"
"1"," 1.5042e-09"
"1","  84"
"1","
- Q39 "
"1","  1"
"1"," 1.5070e-09"
"1","  84"
"1","
- Q45 "
"1","  1"
"1"," 1.5082e-09"
"1","  84"
"1","
- Q37 "
"1","  1"
"1"," 1.5094e-09"
"1","  84"
"1","
- Q15 "
"1","  1"
"1"," 1.5106e-09"
"1","  84"
"1","
- Q17 "
"1","  1"
"1"," 1.5142e-09"
"1","  84"
"1","
- Q47 "
"1","  1"
"1"," 1.5144e-09"
"1","  84"
"1","
- Q38 "
"1","  1"
"1"," 1.5159e-09"
"1","  84"
"1","
- Q22 "
"1","  1"
"1"," 1.5188e-09"
"1","  84"
"1","
- Q49 "
"1","  1"
"1"," 1.5201e-09"
"1","  84"
"1","
- Q4  "
"1","  1"
"1"," 1.5275e-09"
"1","  84"
"1","
- Q27 "
"1","  1"
"1"," 1.5297e-09"
"1","  84"
"1","
- Q14 "
"1","  1"
"1"," 1.5320e-09"
"1","  84"
"1","
- Q54 "
"1","  1"
"1"," 1.5339e-09"
"1","  84"
"1","
- Q11 "
"1","  1"
"1"," 1.5358e-09"
"1","  84"
"1","
- Q6  "
"1","  1"
"1"," 1.5372e-09"
"1","  84"
"1","
- Q10 "
"1","  1"
"1"," 1.5384e-09"
"1","  84"
"1","
- Q24 "
"1","  1"
"1"," 1.5408e-09"
"1","  84"
"1","
- Q43 "
"1","  1"
"1"," 1.5448e-09"
"1","  84"
"1","
- Q12 "
"1","  1"
"1"," 1.5523e-09"
"1","  84"
"1","
- Q23 "
"1","  1"
"1"," 1.5539e-09"
"1","  84"
"1","
- Q48 "
"1","  1"
"1"," 1.5600e-09"
"1","  84"
"1","
- Q46 "
"1","  1"
"1"," 1.5706e-09"
"1","  84"
"1","
- Q28 "
"1","  1"
"1"," 1.5721e-09"
"1","  84"
"1","
- Q26 "
"1","  1"
"1"," 1.6530e-09"
"1","  84"
"1","
- Q40 "
"1","  1"
"1"," 1.6911e-09"
"1","  84"
"1","
- Q52 "
"1","  1"
"1"," 1.7157e-09"
"1","  84"
"1","
<none>"
"1","   "
"1"," 1.4806e-09"
"1","  86"
"1","
"
"2","Warning: glm.fit: algorithm did not converge"
"2","Warning: glm.fit: fitted probabilities numerically 0 or 1 occurred"
"1","
Step:  AIC="
"1",""
"1","84"
"1",""
"1","
"
"1",""
"1","Divorce ~ Q2 + Q4 + Q6 + Q7 + Q8 + Q10 + Q11 + Q12 + Q14 + Q15 + "
"1",""
"1","
    Q17 + Q18 + Q19 + Q20 + Q21 + Q22 + Q23 + Q24 + Q26 + Q27 + "
"1",""
"1","
    Q28 + Q32 + Q33 + Q34 + Q37 + Q38 + Q39 + Q40 + Q41 + Q42 + "
"1",""
"1","
    Q43 + Q44 + Q45 + Q46 + Q47 + Q48 + Q49 + Q50 + Q51 + Q52 + "
"1",""
"1","
    Q54"
"1",""
"1","

"
"2","Warning: glm.fit: algorithm did not converge"
"2","Warning: glm.fit: fitted probabilities numerically 0 or 1 occurred"
"2","Warning: glm.fit: algorithm did not converge"
"2","Warning: glm.fit: fitted probabilities numerically 0 or 1 occurred"
"2","Warning: glm.fit: algorithm did not converge"
"2","Warning: glm.fit: fitted probabilities numerically 0 or 1 occurred"
"2","Warning: glm.fit: algorithm did not converge"
"2","Warning: glm.fit: fitted probabilities numerically 0 or 1 occurred"
"2","Warning: glm.fit: algorithm did not converge"
"2","Warning: glm.fit: fitted probabilities numerically 0 or 1 occurred"
"2","Warning: glm.fit: algorithm did not converge"
"2","Warning: glm.fit: fitted probabilities numerically 0 or 1 occurred"
"2","Warning: glm.fit: algorithm did not converge"
"2","Warning: glm.fit: fitted probabilities numerically 0 or 1 occurred"
"2","Warning: glm.fit: algorithm did not converge"
"2","Warning: glm.fit: fitted probabilities numerically 0 or 1 occurred"
"2","Warning: glm.fit: algorithm did not converge"
"2","Warning: glm.fit: fitted probabilities numerically 0 or 1 occurred"
"2","Warning: glm.fit: algorithm did not converge"
"2","Warning: glm.fit: fitted probabilities numerically 0 or 1 occurred"
"2","Warning: glm.fit: algorithm did not converge"
"2","Warning: glm.fit: fitted probabilities numerically 0 or 1 occurred"
"2","Warning: glm.fit: algorithm did not converge"
"2","Warning: glm.fit: fitted probabilities numerically 0 or 1 occurred"
"2","Warning: glm.fit: algorithm did not converge"
"2","Warning: glm.fit: fitted probabilities numerically 0 or 1 occurred"
"2","Warning: glm.fit: algorithm did not converge"
"2","Warning: glm.fit: fitted probabilities numerically 0 or 1 occurred"
"2","Warning: glm.fit: algorithm did not converge"
"2","Warning: glm.fit: fitted probabilities numerically 0 or 1 occurred"
"2","Warning: glm.fit: algorithm did not converge"
"2","Warning: glm.fit: fitted probabilities numerically 0 or 1 occurred"
"2","Warning: glm.fit: algorithm did not converge"
"2","Warning: glm.fit: fitted probabilities numerically 0 or 1 occurred"
"2","Warning: glm.fit: algorithm did not converge"
"2","Warning: glm.fit: fitted probabilities numerically 0 or 1 occurred"
"2","Warning: glm.fit: algorithm did not converge"
"2","Warning: glm.fit: fitted probabilities numerically 0 or 1 occurred"
"2","Warning: glm.fit: algorithm did not converge"
"2","Warning: glm.fit: fitted probabilities numerically 0 or 1 occurred"
"2","Warning: glm.fit: algorithm did not converge"
"2","Warning: glm.fit: fitted probabilities numerically 0 or 1 occurred"
"2","Warning: glm.fit: algorithm did not converge"
"2","Warning: glm.fit: fitted probabilities numerically 0 or 1 occurred"
"2","Warning: glm.fit: algorithm did not converge"
"2","Warning: glm.fit: fitted probabilities numerically 0 or 1 occurred"
"2","Warning: glm.fit: algorithm did not converge"
"2","Warning: glm.fit: fitted probabilities numerically 0 or 1 occurred"
"2","Warning: glm.fit: algorithm did not converge"
"2","Warning: glm.fit: fitted probabilities numerically 0 or 1 occurred"
"2","Warning: glm.fit: algorithm did not converge"
"2","Warning: glm.fit: fitted probabilities numerically 0 or 1 occurred"
"2","Warning: glm.fit: algorithm did not converge"
"2","Warning: glm.fit: fitted probabilities numerically 0 or 1 occurred"
"2","Warning: glm.fit: algorithm did not converge"
"2","Warning: glm.fit: fitted probabilities numerically 0 or 1 occurred"
"2","Warning: glm.fit: algorithm did not converge"
"2","Warning: glm.fit: fitted probabilities numerically 0 or 1 occurred"
"2","Warning: glm.fit: algorithm did not converge"
"2","Warning: glm.fit: fitted probabilities numerically 0 or 1 occurred"
"2","Warning: glm.fit: algorithm did not converge"
"2","Warning: glm.fit: fitted probabilities numerically 0 or 1 occurred"
"2","Warning: glm.fit: algorithm did not converge"
"2","Warning: glm.fit: fitted probabilities numerically 0 or 1 occurred"
"2","Warning: glm.fit: algorithm did not converge"
"2","Warning: glm.fit: fitted probabilities numerically 0 or 1 occurred"
"2","Warning: glm.fit: algorithm did not converge"
"2","Warning: glm.fit: fitted probabilities numerically 0 or 1 occurred"
"2","Warning: glm.fit: algorithm did not converge"
"2","Warning: glm.fit: fitted probabilities numerically 0 or 1 occurred"
"2","Warning: glm.fit: algorithm did not converge"
"2","Warning: glm.fit: fitted probabilities numerically 0 or 1 occurred"
"2","Warning: glm.fit: algorithm did not converge"
"2","Warning: glm.fit: fitted probabilities numerically 0 or 1 occurred"
"2","Warning: glm.fit: algorithm did not converge"
"2","Warning: glm.fit: fitted probabilities numerically 0 or 1 occurred"
"2","Warning: glm.fit: algorithm did not converge"
"2","Warning: glm.fit: fitted probabilities numerically 0 or 1 occurred"
"2","Warning: glm.fit: algorithm did not converge"
"2","Warning: glm.fit: fitted probabilities numerically 0 or 1 occurred"
"2","Warning: glm.fit: algorithm did not converge"
"2","Warning: glm.fit: fitted probabilities numerically 0 or 1 occurred"
"1","      "
"1"," Df"
"1","   Deviance"
"1"," AIC"
"1","
- Q41 "
"1","  1"
"1"," 1.4856e-09"
"1","  82"
"1","
- Q20 "
"1","  1"
"1"," 1.4860e-09"
"1","  82"
"1","
- Q32 "
"1","  1"
"1"," 1.4862e-09"
"1","  82"
"1","
- Q42 "
"1","  1"
"1"," 1.4887e-09"
"1","  82"
"1","
- Q34 "
"1","  1"
"1"," 1.4898e-09"
"1","  82"
"1","
- Q50 "
"1","  1"
"1"," 1.4935e-09"
"1","  82"
"1","
- Q19 "
"1","  1"
"1"," 1.4936e-09"
"1","  82"
"1","
- Q8  "
"1","  1"
"1"," 1.4955e-09"
"1","  82"
"1","
- Q21 "
"1","  1"
"1"," 1.4958e-09"
"1","  82"
"1","
- Q7  "
"1","  1"
"1"," 1.4975e-09"
"1","  82"
"1","
- Q18 "
"1","  1"
"1"," 1.4994e-09"
"1","  82"
"1","
- Q51 "
"1","  1"
"1"," 1.5029e-09"
"1","  82"
"1","
- Q33 "
"1","  1"
"1"," 1.5054e-09"
"1","  82"
"1","
- Q39 "
"1","  1"
"1"," 1.5056e-09"
"1","  82"
"1","
- Q44 "
"1","  1"
"1"," 1.5108e-09"
"1","  82"
"1","
- Q45 "
"1","  1"
"1"," 1.5116e-09"
"1","  82"
"1","
- Q17 "
"1","  1"
"1"," 1.5145e-09"
"1","  82"
"1","
- Q2  "
"1","  1"
"1"," 1.5147e-09"
"1","  82"
"1","
- Q15 "
"1","  1"
"1"," 1.5150e-09"
"1","  82"
"1","
- Q37 "
"1","  1"
"1"," 1.5156e-09"
"1","  82"
"1","
- Q38 "
"1","  1"
"1"," 1.5184e-09"
"1","  82"
"1","
- Q22 "
"1","  1"
"1"," 1.5204e-09"
"1","  82"
"1","
- Q49 "
"1","  1"
"1"," 1.5208e-09"
"1","  82"
"1","
- Q47 "
"1","  1"
"1"," 1.5214e-09"
"1","  82"
"1","
- Q27 "
"1","  1"
"1"," 1.5310e-09"
"1","  82"
"1","
- Q54 "
"1","  1"
"1"," 1.5344e-09"
"1","  82"
"1","
- Q11 "
"1","  1"
"1"," 1.5366e-09"
"1","  82"
"1","
- Q6  "
"1","  1"
"1"," 1.5382e-09"
"1","  82"
"1","
- Q4  "
"1","  1"
"1"," 1.5392e-09"
"1","  82"
"1","
- Q14 "
"1","  1"
"1"," 1.5393e-09"
"1","  82"
"1","
- Q24 "
"1","  1"
"1"," 1.5402e-09"
"1","  82"
"1","
- Q10 "
"1","  1"
"1"," 1.5403e-09"
"1","  82"
"1","
- Q43 "
"1","  1"
"1"," 1.5427e-09"
"1","  82"
"1","
- Q23 "
"1","  1"
"1"," 1.5530e-09"
"1","  82"
"1","
- Q12 "
"1","  1"
"1"," 1.5619e-09"
"1","  82"
"1","
- Q48 "
"1","  1"
"1"," 1.5669e-09"
"1","  82"
"1","
- Q46 "
"1","  1"
"1"," 1.5716e-09"
"1","  82"
"1","
- Q28 "
"1","  1"
"1"," 1.5746e-09"
"1","  82"
"1","
- Q26 "
"1","  1"
"1"," 1.6533e-09"
"1","  82"
"1","
- Q40 "
"1","  1"
"1"," 1.6933e-09"
"1","  82"
"1","
- Q52 "
"1","  1"
"1"," 1.7164e-09"
"1","  82"
"1","
<none>"
"1","   "
"1"," 1.4822e-09"
"1","  84"
"1","
"
"2","Warning: glm.fit: algorithm did not converge"
"2","Warning: glm.fit: fitted probabilities numerically 0 or 1 occurred"
"1","
Step:  AIC="
"1",""
"1","82"
"1",""
"1","
"
"1",""
"1","Divorce ~ Q2 + Q4 + Q6 + Q7 + Q8 + Q10 + Q11 + Q12 + Q14 + Q15 + "
"1",""
"1","
    Q17 + Q18 + Q19 + Q20 + Q21 + Q22 + Q23 + Q24 + Q26 + Q27 + "
"1",""
"1","
    Q28 + Q32 + Q33 + Q34 + Q37 + Q38 + Q39 + Q40 + Q42 + Q43 + "
"1",""
"1","
    Q44 + Q45 + Q46 + Q47 + Q48 + Q49 + Q50 + Q51 + Q52 + Q54"
"1",""
"1","

"
"2","Warning: glm.fit: algorithm did not converge"
"2","Warning: glm.fit: fitted probabilities numerically 0 or 1 occurred"
"2","Warning: glm.fit: algorithm did not converge"
"2","Warning: glm.fit: fitted probabilities numerically 0 or 1 occurred"
"2","Warning: glm.fit: algorithm did not converge"
"2","Warning: glm.fit: fitted probabilities numerically 0 or 1 occurred"
"2","Warning: glm.fit: algorithm did not converge"
"2","Warning: glm.fit: fitted probabilities numerically 0 or 1 occurred"
"2","Warning: glm.fit: algorithm did not converge"
"2","Warning: glm.fit: fitted probabilities numerically 0 or 1 occurred"
"2","Warning: glm.fit: algorithm did not converge"
"2","Warning: glm.fit: fitted probabilities numerically 0 or 1 occurred"
"2","Warning: glm.fit: algorithm did not converge"
"2","Warning: glm.fit: fitted probabilities numerically 0 or 1 occurred"
"2","Warning: glm.fit: algorithm did not converge"
"2","Warning: glm.fit: fitted probabilities numerically 0 or 1 occurred"
"2","Warning: glm.fit: algorithm did not converge"
"2","Warning: glm.fit: fitted probabilities numerically 0 or 1 occurred"
"2","Warning: glm.fit: algorithm did not converge"
"2","Warning: glm.fit: fitted probabilities numerically 0 or 1 occurred"
"2","Warning: glm.fit: algorithm did not converge"
"2","Warning: glm.fit: fitted probabilities numerically 0 or 1 occurred"
"2","Warning: glm.fit: algorithm did not converge"
"2","Warning: glm.fit: fitted probabilities numerically 0 or 1 occurred"
"2","Warning: glm.fit: algorithm did not converge"
"2","Warning: glm.fit: fitted probabilities numerically 0 or 1 occurred"
"2","Warning: glm.fit: algorithm did not converge"
"2","Warning: glm.fit: fitted probabilities numerically 0 or 1 occurred"
"2","Warning: glm.fit: algorithm did not converge"
"2","Warning: glm.fit: fitted probabilities numerically 0 or 1 occurred"
"2","Warning: glm.fit: algorithm did not converge"
"2","Warning: glm.fit: fitted probabilities numerically 0 or 1 occurred"
"2","Warning: glm.fit: algorithm did not converge"
"2","Warning: glm.fit: fitted probabilities numerically 0 or 1 occurred"
"2","Warning: glm.fit: algorithm did not converge"
"2","Warning: glm.fit: fitted probabilities numerically 0 or 1 occurred"
"2","Warning: glm.fit: algorithm did not converge"
"2","Warning: glm.fit: fitted probabilities numerically 0 or 1 occurred"
"2","Warning: glm.fit: algorithm did not converge"
"2","Warning: glm.fit: fitted probabilities numerically 0 or 1 occurred"
"2","Warning: glm.fit: algorithm did not converge"
"2","Warning: glm.fit: fitted probabilities numerically 0 or 1 occurred"
"2","Warning: glm.fit: algorithm did not converge"
"2","Warning: glm.fit: fitted probabilities numerically 0 or 1 occurred"
"2","Warning: glm.fit: algorithm did not converge"
"2","Warning: glm.fit: fitted probabilities numerically 0 or 1 occurred"
"2","Warning: glm.fit: algorithm did not converge"
"2","Warning: glm.fit: fitted probabilities numerically 0 or 1 occurred"
"2","Warning: glm.fit: algorithm did not converge"
"2","Warning: glm.fit: fitted probabilities numerically 0 or 1 occurred"
"2","Warning: glm.fit: algorithm did not converge"
"2","Warning: glm.fit: fitted probabilities numerically 0 or 1 occurred"
"2","Warning: glm.fit: algorithm did not converge"
"2","Warning: glm.fit: fitted probabilities numerically 0 or 1 occurred"
"2","Warning: glm.fit: algorithm did not converge"
"2","Warning: glm.fit: fitted probabilities numerically 0 or 1 occurred"
"2","Warning: glm.fit: algorithm did not converge"
"2","Warning: glm.fit: fitted probabilities numerically 0 or 1 occurred"
"2","Warning: glm.fit: algorithm did not converge"
"2","Warning: glm.fit: fitted probabilities numerically 0 or 1 occurred"
"2","Warning: glm.fit: algorithm did not converge"
"2","Warning: glm.fit: fitted probabilities numerically 0 or 1 occurred"
"2","Warning: glm.fit: algorithm did not converge"
"2","Warning: glm.fit: fitted probabilities numerically 0 or 1 occurred"
"2","Warning: glm.fit: algorithm did not converge"
"2","Warning: glm.fit: fitted probabilities numerically 0 or 1 occurred"
"2","Warning: glm.fit: algorithm did not converge"
"2","Warning: glm.fit: fitted probabilities numerically 0 or 1 occurred"
"2","Warning: glm.fit: algorithm did not converge"
"2","Warning: glm.fit: fitted probabilities numerically 0 or 1 occurred"
"2","Warning: glm.fit: algorithm did not converge"
"2","Warning: glm.fit: fitted probabilities numerically 0 or 1 occurred"
"2","Warning: glm.fit: algorithm did not converge"
"2","Warning: glm.fit: fitted probabilities numerically 0 or 1 occurred"
"2","Warning: glm.fit: algorithm did not converge"
"2","Warning: glm.fit: fitted probabilities numerically 0 or 1 occurred"
"2","Warning: glm.fit: algorithm did not converge"
"2","Warning: glm.fit: fitted probabilities numerically 0 or 1 occurred"
"2","Warning: glm.fit: algorithm did not converge"
"2","Warning: glm.fit: fitted probabilities numerically 0 or 1 occurred"
"1","      "
"1"," Df"
"1","   Deviance"
"1"," AIC"
"1","
- Q32 "
"1","  1"
"1"," 1.4884e-09"
"1","  80"
"1","
- Q20 "
"1","  1"
"1"," 1.4892e-09"
"1","  80"
"1","
- Q42 "
"1","  1"
"1"," 1.4896e-09"
"1","  80"
"1","
- Q34 "
"1","  1"
"1"," 1.4905e-09"
"1","  80"
"1","
- Q21 "
"1","  1"
"1"," 1.4966e-09"
"1","  80"
"1","
- Q8  "
"1","  1"
"1"," 1.4987e-09"
"1","  80"
"1","
- Q50 "
"1","  1"
"1"," 1.5002e-09"
"1","  80"
"1","
- Q51 "
"1","  1"
"1"," 1.5029e-09"
"1","  80"
"1","
- Q19 "
"1","  1"
"1"," 1.5044e-09"
"1","  80"
"1","
- Q18 "
"1","  1"
"1"," 1.5047e-09"
"1","  80"
"1","
- Q39 "
"1","  1"
"1"," 1.5082e-09"
"1","  80"
"1","
- Q44 "
"1","  1"
"1"," 1.5103e-09"
"1","  80"
"1","
- Q33 "
"1","  1"
"1"," 1.5112e-09"
"1","  80"
"1","
- Q7  "
"1","  1"
"1"," 1.5118e-09"
"1","  80"
"1","
- Q2  "
"1","  1"
"1"," 1.5152e-09"
"1","  80"
"1","
- Q15 "
"1","  1"
"1"," 1.5159e-09"
"1","  80"
"1","
- Q45 "
"1","  1"
"1"," 1.5160e-09"
"1","  80"
"1","
- Q37 "
"1","  1"
"1"," 1.5193e-09"
"1","  80"
"1","
- Q38 "
"1","  1"
"1"," 1.5199e-09"
"1","  80"
"1","
- Q17 "
"1","  1"
"1"," 1.5235e-09"
"1","  80"
"1","
- Q22 "
"1","  1"
"1"," 1.5240e-09"
"1","  80"
"1","
- Q49 "
"1","  1"
"1"," 1.5256e-09"
"1","  80"
"1","
- Q47 "
"1","  1"
"1"," 1.5308e-09"
"1","  80"
"1","
- Q27 "
"1","  1"
"1"," 1.5355e-09"
"1","  80"
"1","
- Q11 "
"1","  1"
"1"," 1.5388e-09"
"1","  80"
"1","
- Q54 "
"1","  1"
"1"," 1.5396e-09"
"1","  80"
"1","
- Q6  "
"1","  1"
"1"," 1.5402e-09"
"1","  80"
"1","
- Q4  "
"1","  1"
"1"," 1.5420e-09"
"1","  80"
"1","
- Q24 "
"1","  1"
"1"," 1.5425e-09"
"1","  80"
"1","
- Q43 "
"1","  1"
"1"," 1.5441e-09"
"1","  80"
"1","
- Q14 "
"1","  1"
"1"," 1.5444e-09"
"1","  80"
"1","
- Q10 "
"1","  1"
"1"," 1.5482e-09"
"1","  80"
"1","
- Q23 "
"1","  1"
"1"," 1.5544e-09"
"1","  80"
"1","
- Q48 "
"1","  1"
"1"," 1.5670e-09"
"1","  80"
"1","
- Q12 "
"1","  1"
"1"," 1.5684e-09"
"1","  80"
"1","
- Q46 "
"1","  1"
"1"," 1.5837e-09"
"1","  80"
"1","
- Q28 "
"1","  1"
"1"," 1.5893e-09"
"1","  80"
"1","
- Q26 "
"1","  1"
"1"," 1.6597e-09"
"1","  80"
"1","
- Q52 "
"1","  1"
"1"," 1.7208e-09"
"1","  80"
"1","
- Q40 "
"1","  1"
"1"," 1.7382e-09"
"1","  80"
"1","
<none>"
"1","   "
"1"," 1.4856e-09"
"1","  82"
"1","
"
"2","Warning: glm.fit: algorithm did not converge"
"2","Warning: glm.fit: fitted probabilities numerically 0 or 1 occurred"
"1","
Step:  AIC="
"1",""
"1","80"
"1",""
"1","
"
"1",""
"1","Divorce ~ Q2 + Q4 + Q6 + Q7 + Q8 + Q10 + Q11 + Q12 + Q14 + Q15 + "
"1",""
"1","
    Q17 + Q18 + Q19 + Q20 + Q21 + Q22 + Q23 + Q24 + Q26 + Q27 + "
"1",""
"1","
    Q28 + Q33 + Q34 + Q37 + Q38 + Q39 + Q40 + Q42 + Q43 + Q44 + "
"1",""
"1","
    Q45 + Q46 + Q47 + Q48 + Q49 + Q50 + Q51 + Q52 + Q54"
"1",""
"1","

"
"2","Warning: glm.fit: algorithm did not converge"
"2","Warning: glm.fit: fitted probabilities numerically 0 or 1 occurred"
"2","Warning: glm.fit: algorithm did not converge"
"2","Warning: glm.fit: fitted probabilities numerically 0 or 1 occurred"
"2","Warning: glm.fit: algorithm did not converge"
"2","Warning: glm.fit: fitted probabilities numerically 0 or 1 occurred"
"2","Warning: glm.fit: algorithm did not converge"
"2","Warning: glm.fit: fitted probabilities numerically 0 or 1 occurred"
"2","Warning: glm.fit: algorithm did not converge"
"2","Warning: glm.fit: fitted probabilities numerically 0 or 1 occurred"
"2","Warning: glm.fit: algorithm did not converge"
"2","Warning: glm.fit: fitted probabilities numerically 0 or 1 occurred"
"2","Warning: glm.fit: algorithm did not converge"
"2","Warning: glm.fit: fitted probabilities numerically 0 or 1 occurred"
"2","Warning: glm.fit: algorithm did not converge"
"2","Warning: glm.fit: fitted probabilities numerically 0 or 1 occurred"
"2","Warning: glm.fit: algorithm did not converge"
"2","Warning: glm.fit: fitted probabilities numerically 0 or 1 occurred"
"2","Warning: glm.fit: algorithm did not converge"
"2","Warning: glm.fit: fitted probabilities numerically 0 or 1 occurred"
"2","Warning: glm.fit: algorithm did not converge"
"2","Warning: glm.fit: fitted probabilities numerically 0 or 1 occurred"
"2","Warning: glm.fit: algorithm did not converge"
"2","Warning: glm.fit: fitted probabilities numerically 0 or 1 occurred"
"2","Warning: glm.fit: algorithm did not converge"
"2","Warning: glm.fit: fitted probabilities numerically 0 or 1 occurred"
"2","Warning: glm.fit: algorithm did not converge"
"2","Warning: glm.fit: fitted probabilities numerically 0 or 1 occurred"
"2","Warning: glm.fit: algorithm did not converge"
"2","Warning: glm.fit: fitted probabilities numerically 0 or 1 occurred"
"2","Warning: glm.fit: algorithm did not converge"
"2","Warning: glm.fit: fitted probabilities numerically 0 or 1 occurred"
"2","Warning: glm.fit: algorithm did not converge"
"2","Warning: glm.fit: fitted probabilities numerically 0 or 1 occurred"
"2","Warning: glm.fit: algorithm did not converge"
"2","Warning: glm.fit: fitted probabilities numerically 0 or 1 occurred"
"2","Warning: glm.fit: algorithm did not converge"
"2","Warning: glm.fit: fitted probabilities numerically 0 or 1 occurred"
"2","Warning: glm.fit: algorithm did not converge"
"2","Warning: glm.fit: fitted probabilities numerically 0 or 1 occurred"
"2","Warning: glm.fit: algorithm did not converge"
"2","Warning: glm.fit: fitted probabilities numerically 0 or 1 occurred"
"2","Warning: glm.fit: algorithm did not converge"
"2","Warning: glm.fit: fitted probabilities numerically 0 or 1 occurred"
"2","Warning: glm.fit: algorithm did not converge"
"2","Warning: glm.fit: fitted probabilities numerically 0 or 1 occurred"
"2","Warning: glm.fit: algorithm did not converge"
"2","Warning: glm.fit: fitted probabilities numerically 0 or 1 occurred"
"2","Warning: glm.fit: algorithm did not converge"
"2","Warning: glm.fit: fitted probabilities numerically 0 or 1 occurred"
"2","Warning: glm.fit: algorithm did not converge"
"2","Warning: glm.fit: fitted probabilities numerically 0 or 1 occurred"
"2","Warning: glm.fit: algorithm did not converge"
"2","Warning: glm.fit: fitted probabilities numerically 0 or 1 occurred"
"2","Warning: glm.fit: algorithm did not converge"
"2","Warning: glm.fit: fitted probabilities numerically 0 or 1 occurred"
"2","Warning: glm.fit: algorithm did not converge"
"2","Warning: glm.fit: fitted probabilities numerically 0 or 1 occurred"
"2","Warning: glm.fit: algorithm did not converge"
"2","Warning: glm.fit: fitted probabilities numerically 0 or 1 occurred"
"2","Warning: glm.fit: algorithm did not converge"
"2","Warning: glm.fit: fitted probabilities numerically 0 or 1 occurred"
"2","Warning: glm.fit: algorithm did not converge"
"2","Warning: glm.fit: fitted probabilities numerically 0 or 1 occurred"
"2","Warning: glm.fit: algorithm did not converge"
"2","Warning: glm.fit: fitted probabilities numerically 0 or 1 occurred"
"2","Warning: glm.fit: algorithm did not converge"
"2","Warning: glm.fit: fitted probabilities numerically 0 or 1 occurred"
"2","Warning: glm.fit: algorithm did not converge"
"2","Warning: glm.fit: fitted probabilities numerically 0 or 1 occurred"
"2","Warning: glm.fit: algorithm did not converge"
"2","Warning: glm.fit: fitted probabilities numerically 0 or 1 occurred"
"2","Warning: glm.fit: algorithm did not converge"
"2","Warning: glm.fit: fitted probabilities numerically 0 or 1 occurred"
"2","Warning: glm.fit: algorithm did not converge"
"2","Warning: glm.fit: fitted probabilities numerically 0 or 1 occurred"
"2","Warning: glm.fit: algorithm did not converge"
"2","Warning: glm.fit: fitted probabilities numerically 0 or 1 occurred"
"1","      "
"1"," Df"
"1","   Deviance"
"1"," AIC"
"1","
- Q20 "
"1","  1"
"1"," 1.4914e-09"
"1","  78"
"1","
- Q34 "
"1","  1"
"1"," 1.4917e-09"
"1","  78"
"1","
- Q42 "
"1","  1"
"1"," 1.4928e-09"
"1","  78"
"1","
- Q8  "
"1","  1"
"1"," 1.4999e-09"
"1","  78"
"1","
- Q21 "
"1","  1"
"1"," 1.5004e-09"
"1","  78"
"1","
- Q50 "
"1","  1"
"1"," 1.5030e-09"
"1","  78"
"1","
- Q51 "
"1","  1"
"1"," 1.5039e-09"
"1","  78"
"1","
- Q18 "
"1","  1"
"1"," 1.5076e-09"
"1","  78"
"1","
- Q19 "
"1","  1"
"1"," 1.5100e-09"
"1","  78"
"1","
- Q44 "
"1","  1"
"1"," 1.5119e-09"
"1","  78"
"1","
- Q7  "
"1","  1"
"1"," 1.5131e-09"
"1","  78"
"1","
- Q45 "
"1","  1"
"1"," 1.5168e-09"
"1","  78"
"1","
- Q15 "
"1","  1"
"1"," 1.5171e-09"
"1","  78"
"1","
- Q2  "
"1","  1"
"1"," 1.5185e-09"
"1","  78"
"1","
- Q37 "
"1","  1"
"1"," 1.5207e-09"
"1","  78"
"1","
- Q38 "
"1","  1"
"1"," 1.5228e-09"
"1","  78"
"1","
- Q39 "
"1","  1"
"1"," 1.5249e-09"
"1","  78"
"1","
- Q17 "
"1","  1"
"1"," 1.5251e-09"
"1","  78"
"1","
- Q22 "
"1","  1"
"1"," 1.5270e-09"
"1","  78"
"1","
- Q49 "
"1","  1"
"1"," 1.5329e-09"
"1","  78"
"1","
- Q33 "
"1","  1"
"1"," 1.5368e-09"
"1","  78"
"1","
- Q27 "
"1","  1"
"1"," 1.5377e-09"
"1","  78"
"1","
- Q4  "
"1","  1"
"1"," 1.5438e-09"
"1","  78"
"1","
- Q24 "
"1","  1"
"1"," 1.5442e-09"
"1","  78"
"1","
- Q43 "
"1","  1"
"1"," 1.5469e-09"
"1","  78"
"1","
- Q10 "
"1","  1"
"1"," 1.5473e-09"
"1","  78"
"1","
- Q6  "
"1","  1"
"1"," 1.5480e-09"
"1","  78"
"1","
- Q14 "
"1","  1"
"1"," 1.5502e-09"
"1","  78"
"1","
- Q11 "
"1","  1"
"1"," 1.5534e-09"
"1","  78"
"1","
- Q23 "
"1","  1"
"1"," 1.5567e-09"
"1","  78"
"1","
- Q47 "
"1","  1"
"1"," 1.5598e-09"
"1","  78"
"1","
- Q54 "
"1","  1"
"1"," 1.5654e-09"
"1","  78"
"1","
- Q48 "
"1","  1"
"1"," 1.5721e-09"
"1","  78"
"1","
- Q12 "
"1","  1"
"1"," 1.5831e-09"
"1","  78"
"1","
- Q28 "
"1","  1"
"1"," 1.5917e-09"
"1","  78"
"1","
- Q26 "
"1","  1"
"1"," 1.6611e-09"
"1","  78"
"1","
- Q46 "
"1","  1"
"1"," 1.6870e-09"
"1","  78"
"1","
- Q52 "
"1","  1"
"1"," 1.7289e-09"
"1","  78"
"1","
- Q40 "
"1","  1"
"1"," 1.9353e-09"
"1","  78"
"1","
<none>"
"1","   "
"1"," 1.4884e-09"
"1","  80"
"1","
"
"2","Warning: glm.fit: algorithm did not converge"
"2","Warning: glm.fit: fitted probabilities numerically 0 or 1 occurred"
"1","
Step:  AIC="
"1",""
"1","78"
"1",""
"1","
"
"1",""
"1","Divorce ~ Q2 + Q4 + Q6 + Q7 + Q8 + Q10 + Q11 + Q12 + Q14 + Q15 + "
"1",""
"1","
    Q17 + Q18 + Q19 + Q21 + Q22 + Q23 + Q24 + Q26 + Q27 + Q28 + "
"1",""
"1","
    Q33 + Q34 + Q37 + Q38 + Q39 + Q40 + Q42 + Q43 + Q44 + Q45 + "
"1",""
"1","
    Q46 + Q47 + Q48 + Q49 + Q50 + Q51 + Q52 + Q54"
"1",""
"1","

"
"2","Warning: glm.fit: algorithm did not converge"
"2","Warning: glm.fit: fitted probabilities numerically 0 or 1 occurred"
"2","Warning: glm.fit: algorithm did not converge"
"2","Warning: glm.fit: fitted probabilities numerically 0 or 1 occurred"
"2","Warning: glm.fit: algorithm did not converge"
"2","Warning: glm.fit: fitted probabilities numerically 0 or 1 occurred"
"2","Warning: glm.fit: algorithm did not converge"
"2","Warning: glm.fit: fitted probabilities numerically 0 or 1 occurred"
"2","Warning: glm.fit: algorithm did not converge"
"2","Warning: glm.fit: fitted probabilities numerically 0 or 1 occurred"
"2","Warning: glm.fit: algorithm did not converge"
"2","Warning: glm.fit: fitted probabilities numerically 0 or 1 occurred"
"2","Warning: glm.fit: algorithm did not converge"
"2","Warning: glm.fit: fitted probabilities numerically 0 or 1 occurred"
"2","Warning: glm.fit: algorithm did not converge"
"2","Warning: glm.fit: fitted probabilities numerically 0 or 1 occurred"
"2","Warning: glm.fit: algorithm did not converge"
"2","Warning: glm.fit: fitted probabilities numerically 0 or 1 occurred"
"2","Warning: glm.fit: algorithm did not converge"
"2","Warning: glm.fit: fitted probabilities numerically 0 or 1 occurred"
"2","Warning: glm.fit: algorithm did not converge"
"2","Warning: glm.fit: fitted probabilities numerically 0 or 1 occurred"
"2","Warning: glm.fit: algorithm did not converge"
"2","Warning: glm.fit: fitted probabilities numerically 0 or 1 occurred"
"2","Warning: glm.fit: algorithm did not converge"
"2","Warning: glm.fit: fitted probabilities numerically 0 or 1 occurred"
"2","Warning: glm.fit: algorithm did not converge"
"2","Warning: glm.fit: fitted probabilities numerically 0 or 1 occurred"
"2","Warning: glm.fit: algorithm did not converge"
"2","Warning: glm.fit: fitted probabilities numerically 0 or 1 occurred"
"2","Warning: glm.fit: algorithm did not converge"
"2","Warning: glm.fit: fitted probabilities numerically 0 or 1 occurred"
"2","Warning: glm.fit: algorithm did not converge"
"2","Warning: glm.fit: fitted probabilities numerically 0 or 1 occurred"
"2","Warning: glm.fit: algorithm did not converge"
"2","Warning: glm.fit: fitted probabilities numerically 0 or 1 occurred"
"2","Warning: glm.fit: algorithm did not converge"
"2","Warning: glm.fit: fitted probabilities numerically 0 or 1 occurred"
"2","Warning: glm.fit: algorithm did not converge"
"2","Warning: glm.fit: fitted probabilities numerically 0 or 1 occurred"
"2","Warning: glm.fit: algorithm did not converge"
"2","Warning: glm.fit: fitted probabilities numerically 0 or 1 occurred"
"2","Warning: glm.fit: algorithm did not converge"
"2","Warning: glm.fit: fitted probabilities numerically 0 or 1 occurred"
"2","Warning: glm.fit: algorithm did not converge"
"2","Warning: glm.fit: fitted probabilities numerically 0 or 1 occurred"
"2","Warning: glm.fit: algorithm did not converge"
"2","Warning: glm.fit: fitted probabilities numerically 0 or 1 occurred"
"2","Warning: glm.fit: algorithm did not converge"
"2","Warning: glm.fit: fitted probabilities numerically 0 or 1 occurred"
"2","Warning: glm.fit: algorithm did not converge"
"2","Warning: glm.fit: fitted probabilities numerically 0 or 1 occurred"
"2","Warning: glm.fit: algorithm did not converge"
"2","Warning: glm.fit: fitted probabilities numerically 0 or 1 occurred"
"2","Warning: glm.fit: algorithm did not converge"
"2","Warning: glm.fit: fitted probabilities numerically 0 or 1 occurred"
"2","Warning: glm.fit: algorithm did not converge"
"2","Warning: glm.fit: fitted probabilities numerically 0 or 1 occurred"
"2","Warning: glm.fit: algorithm did not converge"
"2","Warning: glm.fit: fitted probabilities numerically 0 or 1 occurred"
"2","Warning: glm.fit: algorithm did not converge"
"2","Warning: glm.fit: fitted probabilities numerically 0 or 1 occurred"
"2","Warning: glm.fit: algorithm did not converge"
"2","Warning: glm.fit: fitted probabilities numerically 0 or 1 occurred"
"2","Warning: glm.fit: algorithm did not converge"
"2","Warning: glm.fit: fitted probabilities numerically 0 or 1 occurred"
"2","Warning: glm.fit: algorithm did not converge"
"2","Warning: glm.fit: fitted probabilities numerically 0 or 1 occurred"
"2","Warning: glm.fit: algorithm did not converge"
"2","Warning: glm.fit: fitted probabilities numerically 0 or 1 occurred"
"2","Warning: glm.fit: algorithm did not converge"
"2","Warning: glm.fit: fitted probabilities numerically 0 or 1 occurred"
"2","Warning: glm.fit: algorithm did not converge"
"2","Warning: glm.fit: fitted probabilities numerically 0 or 1 occurred"
"2","Warning: glm.fit: algorithm did not converge"
"2","Warning: glm.fit: fitted probabilities numerically 0 or 1 occurred"
"1","      "
"1"," Df"
"1","   Deviance"
"1"," AIC"
"1","
- Q34 "
"1","  1"
"1"," 1.4934e-09"
"1","  76"
"1","
- Q42 "
"1","  1"
"1"," 1.4939e-09"
"1","  76"
"1","
- Q21 "
"1","  1"
"1"," 1.5017e-09"
"1","  76"
"1","
- Q51 "
"1","  1"
"1"," 1.5047e-09"
"1","  76"
"1","
- Q50 "
"1","  1"
"1"," 1.5050e-09"
"1","  76"
"1","
- Q8  "
"1","  1"
"1"," 1.5086e-09"
"1","  76"
"1","
- Q19 "
"1","  1"
"1"," 1.5114e-09"
"1","  76"
"1","
- Q7  "
"1","  1"
"1"," 1.5133e-09"
"1","  76"
"1","
- Q44 "
"1","  1"
"1"," 1.5137e-09"
"1","  76"
"1","
- Q18 "
"1","  1"
"1"," 1.5153e-09"
"1","  76"
"1","
- Q2  "
"1","  1"
"1"," 1.5196e-09"
"1","  76"
"1","
- Q15 "
"1","  1"
"1"," 1.5217e-09"
"1","  76"
"1","
- Q38 "
"1","  1"
"1"," 1.5229e-09"
"1","  76"
"1","
- Q45 "
"1","  1"
"1"," 1.5240e-09"
"1","  76"
"1","
- Q39 "
"1","  1"
"1"," 1.5272e-09"
"1","  76"
"1","
- Q22 "
"1","  1"
"1"," 1.5276e-09"
"1","  76"
"1","
- Q17 "
"1","  1"
"1"," 1.5298e-09"
"1","  76"
"1","
- Q37 "
"1","  1"
"1"," 1.5314e-09"
"1","  76"
"1","
- Q49 "
"1","  1"
"1"," 1.5336e-09"
"1","  76"
"1","
- Q33 "
"1","  1"
"1"," 1.5374e-09"
"1","  76"
"1","
- Q27 "
"1","  1"
"1"," 1.5387e-09"
"1","  76"
"1","
- Q24 "
"1","  1"
"1"," 1.5450e-09"
"1","  76"
"1","
- Q4  "
"1","  1"
"1"," 1.5453e-09"
"1","  76"
"1","
- Q10 "
"1","  1"
"1"," 1.5483e-09"
"1","  76"
"1","
- Q14 "
"1","  1"
"1"," 1.5502e-09"
"1","  76"
"1","
- Q43 "
"1","  1"
"1"," 1.5509e-09"
"1","  76"
"1","
- Q6  "
"1","  1"
"1"," 1.5536e-09"
"1","  76"
"1","
- Q23 "
"1","  1"
"1"," 1.5576e-09"
"1","  76"
"1","
- Q47 "
"1","  1"
"1"," 1.5668e-09"
"1","  76"
"1","
- Q11 "
"1","  1"
"1"," 1.5681e-09"
"1","  76"
"1","
- Q54 "
"1","  1"
"1"," 1.5734e-09"
"1","  76"
"1","
- Q48 "
"1","  1"
"1"," 1.5734e-09"
"1","  76"
"1","
- Q28 "
"1","  1"
"1"," 1.5911e-09"
"1","  76"
"1","
- Q12 "
"1","  1"
"1"," 1.5964e-09"
"1","  76"
"1","
- Q26 "
"1","  1"
"1"," 1.6753e-09"
"1","  76"
"1","
- Q46 "
"1","  1"
"1"," 1.6874e-09"
"1","  76"
"1","
- Q52 "
"1","  1"
"1"," 1.7288e-09"
"1","  76"
"1","
- Q40 "
"1","  1"
"1"," 1.9377e-09"
"1","  76"
"1","
<none>"
"1","   "
"1"," 1.4914e-09"
"1","  78"
"1","
"
"2","Warning: glm.fit: algorithm did not converge"
"2","Warning: glm.fit: fitted probabilities numerically 0 or 1 occurred"
"1","
Step:  AIC="
"1",""
"1","76"
"1",""
"1","
"
"1",""
"1","Divorce ~ Q2 + Q4 + Q6 + Q7 + Q8 + Q10 + Q11 + Q12 + Q14 + Q15 + "
"1",""
"1","
    Q17 + Q18 + Q19 + Q21 + Q22 + Q23 + Q24 + Q26 + Q27 + Q28 + "
"1",""
"1","
    Q33 + Q37 + Q38 + Q39 + Q40 + Q42 + Q43 + Q44 + Q45 + Q46 + "
"1",""
"1","
    Q47 + Q48 + Q49 + Q50 + Q51 + Q52 + Q54"
"1",""
"1","

"
"2","Warning: glm.fit: algorithm did not converge"
"2","Warning: glm.fit: fitted probabilities numerically 0 or 1 occurred"
"2","Warning: glm.fit: algorithm did not converge"
"2","Warning: glm.fit: fitted probabilities numerically 0 or 1 occurred"
"2","Warning: glm.fit: algorithm did not converge"
"2","Warning: glm.fit: fitted probabilities numerically 0 or 1 occurred"
"2","Warning: glm.fit: algorithm did not converge"
"2","Warning: glm.fit: fitted probabilities numerically 0 or 1 occurred"
"2","Warning: glm.fit: algorithm did not converge"
"2","Warning: glm.fit: fitted probabilities numerically 0 or 1 occurred"
"2","Warning: glm.fit: algorithm did not converge"
"2","Warning: glm.fit: fitted probabilities numerically 0 or 1 occurred"
"2","Warning: glm.fit: algorithm did not converge"
"2","Warning: glm.fit: fitted probabilities numerically 0 or 1 occurred"
"2","Warning: glm.fit: algorithm did not converge"
"2","Warning: glm.fit: fitted probabilities numerically 0 or 1 occurred"
"2","Warning: glm.fit: algorithm did not converge"
"2","Warning: glm.fit: fitted probabilities numerically 0 or 1 occurred"
"2","Warning: glm.fit: algorithm did not converge"
"2","Warning: glm.fit: fitted probabilities numerically 0 or 1 occurred"
"2","Warning: glm.fit: algorithm did not converge"
"2","Warning: glm.fit: fitted probabilities numerically 0 or 1 occurred"
"2","Warning: glm.fit: algorithm did not converge"
"2","Warning: glm.fit: fitted probabilities numerically 0 or 1 occurred"
"2","Warning: glm.fit: algorithm did not converge"
"2","Warning: glm.fit: fitted probabilities numerically 0 or 1 occurred"
"2","Warning: glm.fit: algorithm did not converge"
"2","Warning: glm.fit: fitted probabilities numerically 0 or 1 occurred"
"2","Warning: glm.fit: algorithm did not converge"
"2","Warning: glm.fit: fitted probabilities numerically 0 or 1 occurred"
"2","Warning: glm.fit: algorithm did not converge"
"2","Warning: glm.fit: fitted probabilities numerically 0 or 1 occurred"
"2","Warning: glm.fit: algorithm did not converge"
"2","Warning: glm.fit: fitted probabilities numerically 0 or 1 occurred"
"2","Warning: glm.fit: algorithm did not converge"
"2","Warning: glm.fit: fitted probabilities numerically 0 or 1 occurred"
"2","Warning: glm.fit: algorithm did not converge"
"2","Warning: glm.fit: fitted probabilities numerically 0 or 1 occurred"
"2","Warning: glm.fit: algorithm did not converge"
"2","Warning: glm.fit: fitted probabilities numerically 0 or 1 occurred"
"2","Warning: glm.fit: algorithm did not converge"
"2","Warning: glm.fit: fitted probabilities numerically 0 or 1 occurred"
"2","Warning: glm.fit: algorithm did not converge"
"2","Warning: glm.fit: fitted probabilities numerically 0 or 1 occurred"
"2","Warning: glm.fit: algorithm did not converge"
"2","Warning: glm.fit: fitted probabilities numerically 0 or 1 occurred"
"2","Warning: glm.fit: algorithm did not converge"
"2","Warning: glm.fit: fitted probabilities numerically 0 or 1 occurred"
"2","Warning: glm.fit: algorithm did not converge"
"2","Warning: glm.fit: fitted probabilities numerically 0 or 1 occurred"
"2","Warning: glm.fit: algorithm did not converge"
"2","Warning: glm.fit: fitted probabilities numerically 0 or 1 occurred"
"2","Warning: glm.fit: algorithm did not converge"
"2","Warning: glm.fit: fitted probabilities numerically 0 or 1 occurred"
"2","Warning: glm.fit: algorithm did not converge"
"2","Warning: glm.fit: fitted probabilities numerically 0 or 1 occurred"
"2","Warning: glm.fit: algorithm did not converge"
"2","Warning: glm.fit: fitted probabilities numerically 0 or 1 occurred"
"2","Warning: glm.fit: algorithm did not converge"
"2","Warning: glm.fit: fitted probabilities numerically 0 or 1 occurred"
"2","Warning: glm.fit: algorithm did not converge"
"2","Warning: glm.fit: fitted probabilities numerically 0 or 1 occurred"
"2","Warning: glm.fit: algorithm did not converge"
"2","Warning: glm.fit: fitted probabilities numerically 0 or 1 occurred"
"2","Warning: glm.fit: algorithm did not converge"
"2","Warning: glm.fit: fitted probabilities numerically 0 or 1 occurred"
"2","Warning: glm.fit: algorithm did not converge"
"2","Warning: glm.fit: fitted probabilities numerically 0 or 1 occurred"
"2","Warning: glm.fit: algorithm did not converge"
"2","Warning: glm.fit: fitted probabilities numerically 0 or 1 occurred"
"2","Warning: glm.fit: algorithm did not converge"
"2","Warning: glm.fit: fitted probabilities numerically 0 or 1 occurred"
"2","Warning: glm.fit: algorithm did not converge"
"2","Warning: glm.fit: fitted probabilities numerically 0 or 1 occurred"
"1","      "
"1"," Df"
"1","   Deviance"
"1"," AIC"
"1","
- Q42 "
"1","  1"
"1"," 1.4953e-09"
"1","  74"
"1","
- Q51 "
"1","  1"
"1"," 1.5053e-09"
"1","  74"
"1","
- Q50 "
"1","  1"
"1"," 1.5060e-09"
"1","  74"
"1","
- Q21 "
"1","  1"
"1"," 1.5080e-09"
"1","  74"
"1","
- Q44 "
"1","  1"
"1"," 1.5143e-09"
"1","  74"
"1","
- Q7  "
"1","  1"
"1"," 1.5144e-09"
"1","  74"
"1","
- Q18 "
"1","  1"
"1"," 1.5207e-09"
"1","  74"
"1","
- Q2  "
"1","  1"
"1"," 1.5266e-09"
"1","  74"
"1","
- Q38 "
"1","  1"
"1"," 1.5271e-09"
"1","  74"
"1","
- Q39 "
"1","  1"
"1"," 1.5274e-09"
"1","  74"
"1","
- Q8  "
"1","  1"
"1"," 1.5294e-09"
"1","  74"
"1","
- Q19 "
"1","  1"
"1"," 1.5296e-09"
"1","  74"
"1","
- Q15 "
"1","  1"
"1"," 1.5308e-09"
"1","  74"
"1","
- Q22 "
"1","  1"
"1"," 1.5316e-09"
"1","  74"
"1","
- Q49 "
"1","  1"
"1"," 1.5363e-09"
"1","  74"
"1","
- Q37 "
"1","  1"
"1"," 1.5417e-09"
"1","  74"
"1","
- Q24 "
"1","  1"
"1"," 1.5451e-09"
"1","  74"
"1","
- Q4  "
"1","  1"
"1"," 1.5464e-09"
"1","  74"
"1","
- Q10 "
"1","  1"
"1"," 1.5485e-09"
"1","  74"
"1","
- Q45 "
"1","  1"
"1"," 1.5503e-09"
"1","  74"
"1","
- Q27 "
"1","  1"
"1"," 1.5523e-09"
"1","  74"
"1","
- Q17 "
"1","  1"
"1"," 1.5525e-09"
"1","  74"
"1","
- Q43 "
"1","  1"
"1"," 1.5531e-09"
"1","  74"
"1","
- Q33 "
"1","  1"
"1"," 1.5585e-09"
"1","  74"
"1","
- Q23 "
"1","  1"
"1"," 1.5599e-09"
"1","  74"
"1","
- Q6  "
"1","  1"
"1"," 1.5643e-09"
"1","  74"
"1","
- Q14 "
"1","  1"
"1"," 1.5657e-09"
"1","  74"
"1","
- Q47 "
"1","  1"
"1"," 1.5669e-09"
"1","  74"
"1","
- Q48 "
"1","  1"
"1"," 1.5759e-09"
"1","  74"
"1","
- Q11 "
"1","  1"
"1"," 1.5762e-09"
"1","  74"
"1","
- Q54 "
"1","  1"
"1"," 1.5904e-09"
"1","  74"
"1","
- Q28 "
"1","  1"
"1"," 1.6024e-09"
"1","  74"
"1","
- Q12 "
"1","  1"
"1"," 1.6276e-09"
"1","  74"
"1","
- Q26 "
"1","  1"
"1"," 1.6773e-09"
"1","  74"
"1","
- Q46 "
"1","  1"
"1"," 1.6940e-09"
"1","  74"
"1","
- Q52 "
"1","  1"
"1"," 1.7773e-09"
"1","  74"
"1","
- Q40 "
"1","  1"
"1"," 2.0219e-09"
"1","  74"
"1","
<none>"
"1","   "
"1"," 1.4934e-09"
"1","  76"
"1","
"
"2","Warning: glm.fit: algorithm did not converge"
"2","Warning: glm.fit: fitted probabilities numerically 0 or 1 occurred"
"1","
Step:  AIC="
"1",""
"1","74"
"1",""
"1","
"
"1",""
"1","Divorce ~ Q2 + Q4 + Q6 + Q7 + Q8 + Q10 + Q11 + Q12 + Q14 + Q15 + "
"1",""
"1","
    Q17 + Q18 + Q19 + Q21 + Q22 + Q23 + Q24 + Q26 + Q27 + Q28 + "
"1",""
"1","
    Q33 + Q37 + Q38 + Q39 + Q40 + Q43 + Q44 + Q45 + Q46 + Q47 + "
"1",""
"1","
    Q48 + Q49 + Q50 + Q51 + Q52 + Q54"
"1",""
"1","

"
"2","Warning: glm.fit: algorithm did not converge"
"2","Warning: glm.fit: fitted probabilities numerically 0 or 1 occurred"
"2","Warning: glm.fit: algorithm did not converge"
"2","Warning: glm.fit: fitted probabilities numerically 0 or 1 occurred"
"2","Warning: glm.fit: algorithm did not converge"
"2","Warning: glm.fit: fitted probabilities numerically 0 or 1 occurred"
"2","Warning: glm.fit: algorithm did not converge"
"2","Warning: glm.fit: fitted probabilities numerically 0 or 1 occurred"
"2","Warning: glm.fit: algorithm did not converge"
"2","Warning: glm.fit: fitted probabilities numerically 0 or 1 occurred"
"2","Warning: glm.fit: algorithm did not converge"
"2","Warning: glm.fit: fitted probabilities numerically 0 or 1 occurred"
"2","Warning: glm.fit: algorithm did not converge"
"2","Warning: glm.fit: fitted probabilities numerically 0 or 1 occurred"
"2","Warning: glm.fit: algorithm did not converge"
"2","Warning: glm.fit: fitted probabilities numerically 0 or 1 occurred"
"2","Warning: glm.fit: algorithm did not converge"
"2","Warning: glm.fit: fitted probabilities numerically 0 or 1 occurred"
"2","Warning: glm.fit: algorithm did not converge"
"2","Warning: glm.fit: fitted probabilities numerically 0 or 1 occurred"
"2","Warning: glm.fit: algorithm did not converge"
"2","Warning: glm.fit: fitted probabilities numerically 0 or 1 occurred"
"2","Warning: glm.fit: algorithm did not converge"
"2","Warning: glm.fit: fitted probabilities numerically 0 or 1 occurred"
"2","Warning: glm.fit: algorithm did not converge"
"2","Warning: glm.fit: fitted probabilities numerically 0 or 1 occurred"
"2","Warning: glm.fit: algorithm did not converge"
"2","Warning: glm.fit: fitted probabilities numerically 0 or 1 occurred"
"2","Warning: glm.fit: algorithm did not converge"
"2","Warning: glm.fit: fitted probabilities numerically 0 or 1 occurred"
"2","Warning: glm.fit: algorithm did not converge"
"2","Warning: glm.fit: fitted probabilities numerically 0 or 1 occurred"
"2","Warning: glm.fit: algorithm did not converge"
"2","Warning: glm.fit: fitted probabilities numerically 0 or 1 occurred"
"2","Warning: glm.fit: algorithm did not converge"
"2","Warning: glm.fit: fitted probabilities numerically 0 or 1 occurred"
"2","Warning: glm.fit: algorithm did not converge"
"2","Warning: glm.fit: fitted probabilities numerically 0 or 1 occurred"
"2","Warning: glm.fit: algorithm did not converge"
"2","Warning: glm.fit: fitted probabilities numerically 0 or 1 occurred"
"2","Warning: glm.fit: algorithm did not converge"
"2","Warning: glm.fit: fitted probabilities numerically 0 or 1 occurred"
"2","Warning: glm.fit: algorithm did not converge"
"2","Warning: glm.fit: fitted probabilities numerically 0 or 1 occurred"
"2","Warning: glm.fit: algorithm did not converge"
"2","Warning: glm.fit: fitted probabilities numerically 0 or 1 occurred"
"2","Warning: glm.fit: algorithm did not converge"
"2","Warning: glm.fit: fitted probabilities numerically 0 or 1 occurred"
"2","Warning: glm.fit: algorithm did not converge"
"2","Warning: glm.fit: fitted probabilities numerically 0 or 1 occurred"
"2","Warning: glm.fit: algorithm did not converge"
"2","Warning: glm.fit: fitted probabilities numerically 0 or 1 occurred"
"2","Warning: glm.fit: algorithm did not converge"
"2","Warning: glm.fit: fitted probabilities numerically 0 or 1 occurred"
"2","Warning: glm.fit: algorithm did not converge"
"2","Warning: glm.fit: fitted probabilities numerically 0 or 1 occurred"
"2","Warning: glm.fit: algorithm did not converge"
"2","Warning: glm.fit: fitted probabilities numerically 0 or 1 occurred"
"2","Warning: glm.fit: algorithm did not converge"
"2","Warning: glm.fit: fitted probabilities numerically 0 or 1 occurred"
"2","Warning: glm.fit: algorithm did not converge"
"2","Warning: glm.fit: fitted probabilities numerically 0 or 1 occurred"
"2","Warning: glm.fit: algorithm did not converge"
"2","Warning: glm.fit: fitted probabilities numerically 0 or 1 occurred"
"2","Warning: glm.fit: algorithm did not converge"
"2","Warning: glm.fit: fitted probabilities numerically 0 or 1 occurred"
"2","Warning: glm.fit: algorithm did not converge"
"2","Warning: glm.fit: fitted probabilities numerically 0 or 1 occurred"
"2","Warning: glm.fit: algorithm did not converge"
"2","Warning: glm.fit: fitted probabilities numerically 0 or 1 occurred"
"2","Warning: glm.fit: algorithm did not converge"
"2","Warning: glm.fit: fitted probabilities numerically 0 or 1 occurred"
"1","      "
"1"," Df"
"1","   Deviance"
"1"," AIC"
"1","
- Q51 "
"1","  1"
"1"," 1.5060e-09"
"1","  72"
"1","
- Q21 "
"1","  1"
"1"," 1.5090e-09"
"1","  72"
"1","
- Q44 "
"1","  1"
"1"," 1.5145e-09"
"1","  72"
"1","
- Q50 "
"1","  1"
"1"," 1.5178e-09"
"1","  72"
"1","
- Q18 "
"1","  1"
"1"," 1.5205e-09"
"1","  72"
"1","
- Q7  "
"1","  1"
"1"," 1.5249e-09"
"1","  72"
"1","
- Q39 "
"1","  1"
"1"," 1.5275e-09"
"1","  72"
"1","
- Q2  "
"1","  1"
"1"," 1.5286e-09"
"1","  72"
"1","
- Q38 "
"1","  1"
"1"," 1.5300e-09"
"1","  72"
"1","
- Q22 "
"1","  1"
"1"," 1.5326e-09"
"1","  72"
"1","
- Q15 "
"1","  1"
"1"," 1.5349e-09"
"1","  72"
"1","
- Q8  "
"1","  1"
"1"," 1.5369e-09"
"1","  72"
"1","
- Q19 "
"1","  1"
"1"," 1.5387e-09"
"1","  72"
"1","
- Q24 "
"1","  1"
"1"," 1.5452e-09"
"1","  72"
"1","
- Q4  "
"1","  1"
"1"," 1.5493e-09"
"1","  72"
"1","
- Q49 "
"1","  1"
"1"," 1.5507e-09"
"1","  72"
"1","
- Q45 "
"1","  1"
"1"," 1.5530e-09"
"1","  72"
"1","
- Q10 "
"1","  1"
"1"," 1.5530e-09"
"1","  72"
"1","
- Q37 "
"1","  1"
"1"," 1.5565e-09"
"1","  72"
"1","
- Q33 "
"1","  1"
"1"," 1.5608e-09"
"1","  72"
"1","
- Q17 "
"1","  1"
"1"," 1.5616e-09"
"1","  72"
"1","
- Q27 "
"1","  1"
"1"," 1.5628e-09"
"1","  72"
"1","
- Q6  "
"1","  1"
"1"," 1.5643e-09"
"1","  72"
"1","
- Q23 "
"1","  1"
"1"," 1.5655e-09"
"1","  72"
"1","
- Q14 "
"1","  1"
"1"," 1.5698e-09"
"1","  72"
"1","
- Q47 "
"1","  1"
"1"," 1.5712e-09"
"1","  72"
"1","
- Q43 "
"1","  1"
"1"," 1.5773e-09"
"1","  72"
"1","
- Q11 "
"1","  1"
"1"," 1.5776e-09"
"1","  72"
"1","
- Q48 "
"1","  1"
"1"," 1.5800e-09"
"1","  72"
"1","
- Q54 "
"1","  1"
"1"," 1.5903e-09"
"1","  72"
"1","
- Q28 "
"1","  1"
"1"," 1.6126e-09"
"1","  72"
"1","
- Q12 "
"1","  1"
"1"," 1.6294e-09"
"1","  72"
"1","
- Q26 "
"1","  1"
"1"," 1.6768e-09"
"1","  72"
"1","
- Q46 "
"1","  1"
"1"," 1.7008e-09"
"1","  72"
"1","
- Q52 "
"1","  1"
"1"," 1.7795e-09"
"1","  72"
"1","
- Q40 "
"1","  1"
"1"," 2.0172e-09"
"1","  72"
"1","
<none>"
"1","   "
"1"," 1.4953e-09"
"1","  74"
"1","
"
"2","Warning: glm.fit: algorithm did not converge"
"2","Warning: glm.fit: fitted probabilities numerically 0 or 1 occurred"
"1","
Step:  AIC="
"1",""
"1","72"
"1",""
"1","
"
"1",""
"1","Divorce ~ Q2 + Q4 + Q6 + Q7 + Q8 + Q10 + Q11 + Q12 + Q14 + Q15 + "
"1",""
"1","
    Q17 + Q18 + Q19 + Q21 + Q22 + Q23 + Q24 + Q26 + Q27 + Q28 + "
"1",""
"1","
    Q33 + Q37 + Q38 + Q39 + Q40 + Q43 + Q44 + Q45 + Q46 + Q47 + "
"1",""
"1","
    Q48 + Q49 + Q50 + Q52 + Q54"
"1",""
"1","

"
"2","Warning: glm.fit: algorithm did not converge"
"2","Warning: glm.fit: fitted probabilities numerically 0 or 1 occurred"
"2","Warning: glm.fit: algorithm did not converge"
"2","Warning: glm.fit: fitted probabilities numerically 0 or 1 occurred"
"2","Warning: glm.fit: algorithm did not converge"
"2","Warning: glm.fit: fitted probabilities numerically 0 or 1 occurred"
"2","Warning: glm.fit: algorithm did not converge"
"2","Warning: glm.fit: fitted probabilities numerically 0 or 1 occurred"
"2","Warning: glm.fit: algorithm did not converge"
"2","Warning: glm.fit: fitted probabilities numerically 0 or 1 occurred"
"2","Warning: glm.fit: algorithm did not converge"
"2","Warning: glm.fit: fitted probabilities numerically 0 or 1 occurred"
"2","Warning: glm.fit: algorithm did not converge"
"2","Warning: glm.fit: fitted probabilities numerically 0 or 1 occurred"
"2","Warning: glm.fit: algorithm did not converge"
"2","Warning: glm.fit: fitted probabilities numerically 0 or 1 occurred"
"2","Warning: glm.fit: algorithm did not converge"
"2","Warning: glm.fit: fitted probabilities numerically 0 or 1 occurred"
"2","Warning: glm.fit: algorithm did not converge"
"2","Warning: glm.fit: fitted probabilities numerically 0 or 1 occurred"
"2","Warning: glm.fit: algorithm did not converge"
"2","Warning: glm.fit: fitted probabilities numerically 0 or 1 occurred"
"2","Warning: glm.fit: algorithm did not converge"
"2","Warning: glm.fit: fitted probabilities numerically 0 or 1 occurred"
"2","Warning: glm.fit: algorithm did not converge"
"2","Warning: glm.fit: fitted probabilities numerically 0 or 1 occurred"
"2","Warning: glm.fit: algorithm did not converge"
"2","Warning: glm.fit: fitted probabilities numerically 0 or 1 occurred"
"2","Warning: glm.fit: algorithm did not converge"
"2","Warning: glm.fit: fitted probabilities numerically 0 or 1 occurred"
"2","Warning: glm.fit: algorithm did not converge"
"2","Warning: glm.fit: fitted probabilities numerically 0 or 1 occurred"
"2","Warning: glm.fit: algorithm did not converge"
"2","Warning: glm.fit: fitted probabilities numerically 0 or 1 occurred"
"2","Warning: glm.fit: algorithm did not converge"
"2","Warning: glm.fit: fitted probabilities numerically 0 or 1 occurred"
"2","Warning: glm.fit: algorithm did not converge"
"2","Warning: glm.fit: fitted probabilities numerically 0 or 1 occurred"
"2","Warning: glm.fit: algorithm did not converge"
"2","Warning: glm.fit: fitted probabilities numerically 0 or 1 occurred"
"2","Warning: glm.fit: algorithm did not converge"
"2","Warning: glm.fit: fitted probabilities numerically 0 or 1 occurred"
"2","Warning: glm.fit: algorithm did not converge"
"2","Warning: glm.fit: fitted probabilities numerically 0 or 1 occurred"
"2","Warning: glm.fit: algorithm did not converge"
"2","Warning: glm.fit: fitted probabilities numerically 0 or 1 occurred"
"2","Warning: glm.fit: algorithm did not converge"
"2","Warning: glm.fit: fitted probabilities numerically 0 or 1 occurred"
"2","Warning: glm.fit: algorithm did not converge"
"2","Warning: glm.fit: fitted probabilities numerically 0 or 1 occurred"
"2","Warning: glm.fit: algorithm did not converge"
"2","Warning: glm.fit: fitted probabilities numerically 0 or 1 occurred"
"2","Warning: glm.fit: algorithm did not converge"
"2","Warning: glm.fit: fitted probabilities numerically 0 or 1 occurred"
"2","Warning: glm.fit: algorithm did not converge"
"2","Warning: glm.fit: fitted probabilities numerically 0 or 1 occurred"
"2","Warning: glm.fit: algorithm did not converge"
"2","Warning: glm.fit: fitted probabilities numerically 0 or 1 occurred"
"2","Warning: glm.fit: algorithm did not converge"
"2","Warning: glm.fit: fitted probabilities numerically 0 or 1 occurred"
"2","Warning: glm.fit: algorithm did not converge"
"2","Warning: glm.fit: fitted probabilities numerically 0 or 1 occurred"
"2","Warning: glm.fit: algorithm did not converge"
"2","Warning: glm.fit: fitted probabilities numerically 0 or 1 occurred"
"2","Warning: glm.fit: algorithm did not converge"
"2","Warning: glm.fit: fitted probabilities numerically 0 or 1 occurred"
"2","Warning: glm.fit: algorithm did not converge"
"2","Warning: glm.fit: fitted probabilities numerically 0 or 1 occurred"
"2","Warning: glm.fit: algorithm did not converge"
"2","Warning: glm.fit: fitted probabilities numerically 0 or 1 occurred"
"1","      "
"1"," Df"
"1","   Deviance"
"1"," AIC"
"1","
- Q21 "
"1","  1"
"1"," 1.5175e-09"
"1","  70"
"1","
- Q44 "
"1","  1"
"1"," 1.5191e-09"
"1","  70"
"1","
- Q50 "
"1","  1"
"1"," 1.5347e-09"
"1","  70"
"1","
- Q2  "
"1","  1"
"1"," 1.5375e-09"
"1","  70"
"1","
- Q8  "
"1","  1"
"1"," 1.5397e-09"
"1","  70"
"1","
- Q18 "
"1","  1"
"1"," 1.5409e-09"
"1","  70"
"1","
- Q39 "
"1","  1"
"1"," 1.5414e-09"
"1","  70"
"1","
- Q15 "
"1","  1"
"1"," 1.5428e-09"
"1","  70"
"1","
- Q7  "
"1","  1"
"1"," 1.5433e-09"
"1","  70"
"1","
- Q38 "
"1","  1"
"1"," 1.5511e-09"
"1","  70"
"1","
- Q49 "
"1","  1"
"1"," 1.5564e-09"
"1","  70"
"1","
- Q37 "
"1","  1"
"1"," 1.5576e-09"
"1","  70"
"1","
- Q10 "
"1","  1"
"1"," 1.5599e-09"
"1","  70"
"1","
- Q22 "
"1","  1"
"1"," 1.5600e-09"
"1","  70"
"1","
- Q45 "
"1","  1"
"1"," 1.5610e-09"
"1","  70"
"1","
- Q24 "
"1","  1"
"1"," 1.5618e-09"
"1","  70"
"1","
- Q6  "
"1","  1"
"1"," 1.5651e-09"
"1","  70"
"1","
- Q4  "
"1","  1"
"1"," 1.5687e-09"
"1","  70"
"1","
- Q23 "
"1","  1"
"1"," 1.5701e-09"
"1","  70"
"1","
- Q33 "
"1","  1"
"1"," 1.5706e-09"
"1","  70"
"1","
- Q19 "
"1","  1"
"1"," 1.5712e-09"
"1","  70"
"1","
- Q17 "
"1","  1"
"1"," 1.5736e-09"
"1","  70"
"1","
- Q27 "
"1","  1"
"1"," 1.5755e-09"
"1","  70"
"1","
- Q11 "
"1","  1"
"1"," 1.5822e-09"
"1","  70"
"1","
- Q14 "
"1","  1"
"1"," 1.5921e-09"
"1","  70"
"1","
- Q43 "
"1","  1"
"1"," 1.5981e-09"
"1","  70"
"1","
- Q47 "
"1","  1"
"1"," 1.6133e-09"
"1","  70"
"1","
- Q54 "
"1","  1"
"1"," 1.6141e-09"
"1","  70"
"1","
- Q28 "
"1","  1"
"1"," 1.6223e-09"
"1","  70"
"1","
- Q12 "
"1","  1"
"1"," 1.6356e-09"
"1","  70"
"1","
- Q48 "
"1","  1"
"1"," 1.6395e-09"
"1","  70"
"1","
- Q26 "
"1","  1"
"1"," 1.6983e-09"
"1","  70"
"1","
- Q46 "
"1","  1"
"1"," 1.7083e-09"
"1","  70"
"1","
- Q52 "
"1","  1"
"1"," 1.7973e-09"
"1","  70"
"1","
- Q40 "
"1","  1"
"1"," 2.0346e-09"
"1","  70"
"1","
<none>"
"1","   "
"1"," 1.5060e-09"
"1","  72"
"1","
"
"2","Warning: glm.fit: algorithm did not converge"
"2","Warning: glm.fit: fitted probabilities numerically 0 or 1 occurred"
"1","
Step:  AIC="
"1",""
"1","70"
"1",""
"1","
"
"1",""
"1","Divorce ~ Q2 + Q4 + Q6 + Q7 + Q8 + Q10 + Q11 + Q12 + Q14 + Q15 + "
"1",""
"1","
    Q17 + Q18 + Q19 + Q22 + Q23 + Q24 + Q26 + Q27 + Q28 + Q33 + "
"1",""
"1","
    Q37 + Q38 + Q39 + Q40 + Q43 + Q44 + Q45 + Q46 + Q47 + Q48 + "
"1",""
"1","
    Q49 + Q50 + Q52 + Q54"
"1",""
"1","

"
"2","Warning: glm.fit: algorithm did not converge"
"2","Warning: glm.fit: fitted probabilities numerically 0 or 1 occurred"
"2","Warning: glm.fit: algorithm did not converge"
"2","Warning: glm.fit: fitted probabilities numerically 0 or 1 occurred"
"2","Warning: glm.fit: algorithm did not converge"
"2","Warning: glm.fit: fitted probabilities numerically 0 or 1 occurred"
"2","Warning: glm.fit: algorithm did not converge"
"2","Warning: glm.fit: fitted probabilities numerically 0 or 1 occurred"
"2","Warning: glm.fit: algorithm did not converge"
"2","Warning: glm.fit: fitted probabilities numerically 0 or 1 occurred"
"2","Warning: glm.fit: algorithm did not converge"
"2","Warning: glm.fit: fitted probabilities numerically 0 or 1 occurred"
"2","Warning: glm.fit: algorithm did not converge"
"2","Warning: glm.fit: fitted probabilities numerically 0 or 1 occurred"
"2","Warning: glm.fit: algorithm did not converge"
"2","Warning: glm.fit: fitted probabilities numerically 0 or 1 occurred"
"2","Warning: glm.fit: algorithm did not converge"
"2","Warning: glm.fit: fitted probabilities numerically 0 or 1 occurred"
"2","Warning: glm.fit: algorithm did not converge"
"2","Warning: glm.fit: fitted probabilities numerically 0 or 1 occurred"
"2","Warning: glm.fit: algorithm did not converge"
"2","Warning: glm.fit: fitted probabilities numerically 0 or 1 occurred"
"2","Warning: glm.fit: algorithm did not converge"
"2","Warning: glm.fit: fitted probabilities numerically 0 or 1 occurred"
"2","Warning: glm.fit: algorithm did not converge"
"2","Warning: glm.fit: fitted probabilities numerically 0 or 1 occurred"
"2","Warning: glm.fit: algorithm did not converge"
"2","Warning: glm.fit: fitted probabilities numerically 0 or 1 occurred"
"2","Warning: glm.fit: algorithm did not converge"
"2","Warning: glm.fit: fitted probabilities numerically 0 or 1 occurred"
"2","Warning: glm.fit: algorithm did not converge"
"2","Warning: glm.fit: fitted probabilities numerically 0 or 1 occurred"
"2","Warning: glm.fit: algorithm did not converge"
"2","Warning: glm.fit: fitted probabilities numerically 0 or 1 occurred"
"2","Warning: glm.fit: algorithm did not converge"
"2","Warning: glm.fit: fitted probabilities numerically 0 or 1 occurred"
"2","Warning: glm.fit: algorithm did not converge"
"2","Warning: glm.fit: fitted probabilities numerically 0 or 1 occurred"
"2","Warning: glm.fit: algorithm did not converge"
"2","Warning: glm.fit: fitted probabilities numerically 0 or 1 occurred"
"2","Warning: glm.fit: algorithm did not converge"
"2","Warning: glm.fit: fitted probabilities numerically 0 or 1 occurred"
"2","Warning: glm.fit: algorithm did not converge"
"2","Warning: glm.fit: fitted probabilities numerically 0 or 1 occurred"
"2","Warning: glm.fit: algorithm did not converge"
"2","Warning: glm.fit: fitted probabilities numerically 0 or 1 occurred"
"2","Warning: glm.fit: algorithm did not converge"
"2","Warning: glm.fit: fitted probabilities numerically 0 or 1 occurred"
"2","Warning: glm.fit: algorithm did not converge"
"2","Warning: glm.fit: fitted probabilities numerically 0 or 1 occurred"
"2","Warning: glm.fit: algorithm did not converge"
"2","Warning: glm.fit: fitted probabilities numerically 0 or 1 occurred"
"2","Warning: glm.fit: algorithm did not converge"
"2","Warning: glm.fit: fitted probabilities numerically 0 or 1 occurred"
"2","Warning: glm.fit: algorithm did not converge"
"2","Warning: glm.fit: fitted probabilities numerically 0 or 1 occurred"
"2","Warning: glm.fit: algorithm did not converge"
"2","Warning: glm.fit: fitted probabilities numerically 0 or 1 occurred"
"2","Warning: glm.fit: algorithm did not converge"
"2","Warning: glm.fit: fitted probabilities numerically 0 or 1 occurred"
"2","Warning: glm.fit: algorithm did not converge"
"2","Warning: glm.fit: fitted probabilities numerically 0 or 1 occurred"
"2","Warning: glm.fit: algorithm did not converge"
"2","Warning: glm.fit: fitted probabilities numerically 0 or 1 occurred"
"2","Warning: glm.fit: algorithm did not converge"
"2","Warning: glm.fit: fitted probabilities numerically 0 or 1 occurred"
"2","Warning: glm.fit: algorithm did not converge"
"2","Warning: glm.fit: fitted probabilities numerically 0 or 1 occurred"
"1","      "
"1"," Df"
"1","   Deviance"
"1"," AIC"
"1","
- Q44 "
"1","  1"
"1"," 1.5216e-09"
"1","  68"
"1","
- Q8  "
"1","  1"
"1"," 1.5410e-09"
"1","  68"
"1","
- Q18 "
"1","  1"
"1"," 1.5496e-09"
"1","  68"
"1","
- Q50 "
"1","  1"
"1"," 1.5542e-09"
"1","  68"
"1","
- Q2  "
"1","  1"
"1"," 1.5566e-09"
"1","  68"
"1","
- Q38 "
"1","  1"
"1"," 1.5582e-09"
"1","  68"
"1","
- Q22 "
"1","  1"
"1"," 1.5604e-09"
"1","  68"
"1","
- Q39 "
"1","  1"
"1"," 1.5637e-09"
"1","  68"
"1","
- Q7  "
"1","  1"
"1"," 1.5645e-09"
"1","  68"
"1","
- Q6  "
"1","  1"
"1"," 1.5658e-09"
"1","  68"
"1","
- Q37 "
"1","  1"
"1"," 1.5662e-09"
"1","  68"
"1","
- Q45 "
"1","  1"
"1"," 1.5714e-09"
"1","  68"
"1","
- Q23 "
"1","  1"
"1"," 1.5722e-09"
"1","  68"
"1","
- Q33 "
"1","  1"
"1"," 1.5765e-09"
"1","  68"
"1","
- Q49 "
"1","  1"
"1"," 1.5765e-09"
"1","  68"
"1","
- Q4  "
"1","  1"
"1"," 1.5766e-09"
"1","  68"
"1","
- Q27 "
"1","  1"
"1"," 1.5774e-09"
"1","  68"
"1","
- Q17 "
"1","  1"
"1"," 1.5774e-09"
"1","  68"
"1","
- Q19 "
"1","  1"
"1"," 1.5849e-09"
"1","  68"
"1","
- Q15 "
"1","  1"
"1"," 1.5884e-09"
"1","  68"
"1","
- Q14 "
"1","  1"
"1"," 1.5933e-09"
"1","  68"
"1","
- Q24 "
"1","  1"
"1"," 1.5947e-09"
"1","  68"
"1","
- Q10 "
"1","  1"
"1"," 1.5967e-09"
"1","  68"
"1","
- Q43 "
"1","  1"
"1"," 1.6005e-09"
"1","  68"
"1","
- Q11 "
"1","  1"
"1"," 1.6090e-09"
"1","  68"
"1","
- Q47 "
"1","  1"
"1"," 1.6187e-09"
"1","  68"
"1","
- Q54 "
"1","  1"
"1"," 1.6194e-09"
"1","  68"
"1","
- Q28 "
"1","  1"
"1"," 1.6347e-09"
"1","  68"
"1","
- Q12 "
"1","  1"
"1"," 1.6397e-09"
"1","  68"
"1","
- Q48 "
"1","  1"
"1"," 1.6423e-09"
"1","  68"
"1","
- Q46 "
"1","  1"
"1"," 1.7138e-09"
"1","  68"
"1","
- Q26 "
"1","  1"
"1"," 1.7197e-09"
"1","  68"
"1","
- Q52 "
"1","  1"
"1"," 1.8087e-09"
"1","  68"
"1","
- Q40 "
"1","  1"
"1"," 2.0398e-09"
"1","  68"
"1","
<none>"
"1","   "
"1"," 1.5175e-09"
"1","  70"
"1","
"
"2","Warning: glm.fit: algorithm did not converge"
"2","Warning: glm.fit: fitted probabilities numerically 0 or 1 occurred"
"1","
Step:  AIC="
"1",""
"1","68"
"1",""
"1","
"
"1",""
"1","Divorce ~ Q2 + Q4 + Q6 + Q7 + Q8 + Q10 + Q11 + Q12 + Q14 + Q15 + "
"1",""
"1","
    Q17 + Q18 + Q19 + Q22 + Q23 + Q24 + Q26 + Q27 + Q28 + Q33 + "
"1",""
"1","
    Q37 + Q38 + Q39 + Q40 + Q43 + Q45 + Q46 + Q47 + Q48 + Q49 + "
"1",""
"1","
    Q50 + Q52 + Q54"
"1",""
"1","

"
"2","Warning: glm.fit: algorithm did not converge"
"2","Warning: glm.fit: fitted probabilities numerically 0 or 1 occurred"
"2","Warning: glm.fit: algorithm did not converge"
"2","Warning: glm.fit: fitted probabilities numerically 0 or 1 occurred"
"2","Warning: glm.fit: algorithm did not converge"
"2","Warning: glm.fit: fitted probabilities numerically 0 or 1 occurred"
"2","Warning: glm.fit: algorithm did not converge"
"2","Warning: glm.fit: fitted probabilities numerically 0 or 1 occurred"
"2","Warning: glm.fit: algorithm did not converge"
"2","Warning: glm.fit: fitted probabilities numerically 0 or 1 occurred"
"2","Warning: glm.fit: algorithm did not converge"
"2","Warning: glm.fit: fitted probabilities numerically 0 or 1 occurred"
"2","Warning: glm.fit: algorithm did not converge"
"2","Warning: glm.fit: fitted probabilities numerically 0 or 1 occurred"
"2","Warning: glm.fit: algorithm did not converge"
"2","Warning: glm.fit: fitted probabilities numerically 0 or 1 occurred"
"2","Warning: glm.fit: algorithm did not converge"
"2","Warning: glm.fit: fitted probabilities numerically 0 or 1 occurred"
"2","Warning: glm.fit: algorithm did not converge"
"2","Warning: glm.fit: fitted probabilities numerically 0 or 1 occurred"
"2","Warning: glm.fit: algorithm did not converge"
"2","Warning: glm.fit: fitted probabilities numerically 0 or 1 occurred"
"2","Warning: glm.fit: algorithm did not converge"
"2","Warning: glm.fit: fitted probabilities numerically 0 or 1 occurred"
"2","Warning: glm.fit: algorithm did not converge"
"2","Warning: glm.fit: fitted probabilities numerically 0 or 1 occurred"
"2","Warning: glm.fit: algorithm did not converge"
"2","Warning: glm.fit: fitted probabilities numerically 0 or 1 occurred"
"2","Warning: glm.fit: algorithm did not converge"
"2","Warning: glm.fit: fitted probabilities numerically 0 or 1 occurred"
"2","Warning: glm.fit: algorithm did not converge"
"2","Warning: glm.fit: fitted probabilities numerically 0 or 1 occurred"
"2","Warning: glm.fit: algorithm did not converge"
"2","Warning: glm.fit: fitted probabilities numerically 0 or 1 occurred"
"2","Warning: glm.fit: algorithm did not converge"
"2","Warning: glm.fit: fitted probabilities numerically 0 or 1 occurred"
"2","Warning: glm.fit: algorithm did not converge"
"2","Warning: glm.fit: fitted probabilities numerically 0 or 1 occurred"
"2","Warning: glm.fit: algorithm did not converge"
"2","Warning: glm.fit: fitted probabilities numerically 0 or 1 occurred"
"2","Warning: glm.fit: algorithm did not converge"
"2","Warning: glm.fit: fitted probabilities numerically 0 or 1 occurred"
"2","Warning: glm.fit: algorithm did not converge"
"2","Warning: glm.fit: fitted probabilities numerically 0 or 1 occurred"
"2","Warning: glm.fit: algorithm did not converge"
"2","Warning: glm.fit: fitted probabilities numerically 0 or 1 occurred"
"2","Warning: glm.fit: algorithm did not converge"
"2","Warning: glm.fit: fitted probabilities numerically 0 or 1 occurred"
"2","Warning: glm.fit: algorithm did not converge"
"2","Warning: glm.fit: fitted probabilities numerically 0 or 1 occurred"
"2","Warning: glm.fit: algorithm did not converge"
"2","Warning: glm.fit: fitted probabilities numerically 0 or 1 occurred"
"2","Warning: glm.fit: algorithm did not converge"
"2","Warning: glm.fit: fitted probabilities numerically 0 or 1 occurred"
"2","Warning: glm.fit: algorithm did not converge"
"2","Warning: glm.fit: fitted probabilities numerically 0 or 1 occurred"
"2","Warning: glm.fit: algorithm did not converge"
"2","Warning: glm.fit: fitted probabilities numerically 0 or 1 occurred"
"2","Warning: glm.fit: algorithm did not converge"
"2","Warning: glm.fit: fitted probabilities numerically 0 or 1 occurred"
"2","Warning: glm.fit: algorithm did not converge"
"2","Warning: glm.fit: fitted probabilities numerically 0 or 1 occurred"
"2","Warning: glm.fit: algorithm did not converge"
"2","Warning: glm.fit: fitted probabilities numerically 0 or 1 occurred"
"2","Warning: glm.fit: algorithm did not converge"
"2","Warning: glm.fit: fitted probabilities numerically 0 or 1 occurred"
"1","      "
"1"," Df"
"1","   Deviance"
"1"," AIC"
"1","
- Q8  "
"1","  1"
"1"," 1.5408e-09"
"1","  66"
"1","
- Q18 "
"1","  1"
"1"," 1.5489e-09"
"1","  66"
"1","
- Q2  "
"1","  1"
"1"," 1.5578e-09"
"1","  66"
"1","
- Q38 "
"1","  1"
"1"," 1.5593e-09"
"1","  66"
"1","
- Q50 "
"1","  1"
"1"," 1.5605e-09"
"1","  66"
"1","
- Q22 "
"1","  1"
"1"," 1.5635e-09"
"1","  66"
"1","
- Q6  "
"1","  1"
"1"," 1.5655e-09"
"1","  66"
"1","
- Q7  "
"1","  1"
"1"," 1.5710e-09"
"1","  66"
"1","
- Q23 "
"1","  1"
"1"," 1.5739e-09"
"1","  66"
"1","
- Q27 "
"1","  1"
"1"," 1.5766e-09"
"1","  66"
"1","
- Q17 "
"1","  1"
"1"," 1.5779e-09"
"1","  66"
"1","
- Q4  "
"1","  1"
"1"," 1.5785e-09"
"1","  66"
"1","
- Q33 "
"1","  1"
"1"," 1.5793e-09"
"1","  66"
"1","
- Q49 "
"1","  1"
"1"," 1.5823e-09"
"1","  66"
"1","
- Q19 "
"1","  1"
"1"," 1.5871e-09"
"1","  66"
"1","
- Q45 "
"1","  1"
"1"," 1.5875e-09"
"1","  66"
"1","
- Q15 "
"1","  1"
"1"," 1.5882e-09"
"1","  66"
"1","
- Q39 "
"1","  1"
"1"," 1.5890e-09"
"1","  66"
"1","
- Q37 "
"1","  1"
"1"," 1.5904e-09"
"1","  66"
"1","
- Q24 "
"1","  1"
"1"," 1.5976e-09"
"1","  66"
"1","
- Q10 "
"1","  1"
"1"," 1.5988e-09"
"1","  66"
"1","
- Q43 "
"1","  1"
"1"," 1.6038e-09"
"1","  66"
"1","
- Q14 "
"1","  1"
"1"," 1.6042e-09"
"1","  66"
"1","
- Q11 "
"1","  1"
"1"," 1.6191e-09"
"1","  66"
"1","
- Q47 "
"1","  1"
"1"," 1.6201e-09"
"1","  66"
"1","
- Q28 "
"1","  1"
"1"," 1.6349e-09"
"1","  66"
"1","
- Q54 "
"1","  1"
"1"," 1.6368e-09"
"1","  66"
"1","
- Q12 "
"1","  1"
"1"," 1.6417e-09"
"1","  66"
"1","
- Q48 "
"1","  1"
"1"," 1.6488e-09"
"1","  66"
"1","
- Q26 "
"1","  1"
"1"," 1.7243e-09"
"1","  66"
"1","
- Q46 "
"1","  1"
"1"," 1.7376e-09"
"1","  66"
"1","
- Q52 "
"1","  1"
"1"," 1.8407e-09"
"1","  66"
"1","
- Q40 "
"1","  1"
"1"," 2.2231e-09"
"1","  66"
"1","
<none>"
"1","   "
"1"," 1.5216e-09"
"1","  68"
"1","
"
"2","Warning: glm.fit: algorithm did not converge"
"2","Warning: glm.fit: fitted probabilities numerically 0 or 1 occurred"
"1","
Step:  AIC="
"1",""
"1","66"
"1",""
"1","
"
"1",""
"1","Divorce ~ Q2 + Q4 + Q6 + Q7 + Q10 + Q11 + Q12 + Q14 + Q15 + Q17 + "
"1",""
"1","
    Q18 + Q19 + Q22 + Q23 + Q24 + Q26 + Q27 + Q28 + Q33 + Q37 + "
"1",""
"1","
    Q38 + Q39 + Q40 + Q43 + Q45 + Q46 + Q47 + Q48 + Q49 + Q50 + "
"1",""
"1","
    Q52 + Q54"
"1",""
"1","

"
"2","Warning: glm.fit: algorithm did not converge"
"2","Warning: glm.fit: fitted probabilities numerically 0 or 1 occurred"
"2","Warning: glm.fit: algorithm did not converge"
"2","Warning: glm.fit: fitted probabilities numerically 0 or 1 occurred"
"2","Warning: glm.fit: algorithm did not converge"
"2","Warning: glm.fit: fitted probabilities numerically 0 or 1 occurred"
"2","Warning: glm.fit: algorithm did not converge"
"2","Warning: glm.fit: fitted probabilities numerically 0 or 1 occurred"
"2","Warning: glm.fit: algorithm did not converge"
"2","Warning: glm.fit: fitted probabilities numerically 0 or 1 occurred"
"2","Warning: glm.fit: algorithm did not converge"
"2","Warning: glm.fit: fitted probabilities numerically 0 or 1 occurred"
"2","Warning: glm.fit: algorithm did not converge"
"2","Warning: glm.fit: fitted probabilities numerically 0 or 1 occurred"
"2","Warning: glm.fit: algorithm did not converge"
"2","Warning: glm.fit: fitted probabilities numerically 0 or 1 occurred"
"2","Warning: glm.fit: algorithm did not converge"
"2","Warning: glm.fit: fitted probabilities numerically 0 or 1 occurred"
"2","Warning: glm.fit: algorithm did not converge"
"2","Warning: glm.fit: fitted probabilities numerically 0 or 1 occurred"
"2","Warning: glm.fit: algorithm did not converge"
"2","Warning: glm.fit: fitted probabilities numerically 0 or 1 occurred"
"2","Warning: glm.fit: algorithm did not converge"
"2","Warning: glm.fit: fitted probabilities numerically 0 or 1 occurred"
"2","Warning: glm.fit: algorithm did not converge"
"2","Warning: glm.fit: fitted probabilities numerically 0 or 1 occurred"
"2","Warning: glm.fit: algorithm did not converge"
"2","Warning: glm.fit: fitted probabilities numerically 0 or 1 occurred"
"2","Warning: glm.fit: algorithm did not converge"
"2","Warning: glm.fit: fitted probabilities numerically 0 or 1 occurred"
"2","Warning: glm.fit: algorithm did not converge"
"2","Warning: glm.fit: fitted probabilities numerically 0 or 1 occurred"
"2","Warning: glm.fit: algorithm did not converge"
"2","Warning: glm.fit: fitted probabilities numerically 0 or 1 occurred"
"2","Warning: glm.fit: algorithm did not converge"
"2","Warning: glm.fit: fitted probabilities numerically 0 or 1 occurred"
"2","Warning: glm.fit: algorithm did not converge"
"2","Warning: glm.fit: fitted probabilities numerically 0 or 1 occurred"
"2","Warning: glm.fit: algorithm did not converge"
"2","Warning: glm.fit: fitted probabilities numerically 0 or 1 occurred"
"2","Warning: glm.fit: algorithm did not converge"
"2","Warning: glm.fit: fitted probabilities numerically 0 or 1 occurred"
"2","Warning: glm.fit: algorithm did not converge"
"2","Warning: glm.fit: fitted probabilities numerically 0 or 1 occurred"
"2","Warning: glm.fit: algorithm did not converge"
"2","Warning: glm.fit: fitted probabilities numerically 0 or 1 occurred"
"2","Warning: glm.fit: algorithm did not converge"
"2","Warning: glm.fit: fitted probabilities numerically 0 or 1 occurred"
"2","Warning: glm.fit: algorithm did not converge"
"2","Warning: glm.fit: fitted probabilities numerically 0 or 1 occurred"
"2","Warning: glm.fit: algorithm did not converge"
"2","Warning: glm.fit: fitted probabilities numerically 0 or 1 occurred"
"2","Warning: glm.fit: algorithm did not converge"
"2","Warning: glm.fit: fitted probabilities numerically 0 or 1 occurred"
"2","Warning: glm.fit: algorithm did not converge"
"2","Warning: glm.fit: fitted probabilities numerically 0 or 1 occurred"
"2","Warning: glm.fit: algorithm did not converge"
"2","Warning: glm.fit: fitted probabilities numerically 0 or 1 occurred"
"2","Warning: glm.fit: algorithm did not converge"
"2","Warning: glm.fit: fitted probabilities numerically 0 or 1 occurred"
"2","Warning: glm.fit: algorithm did not converge"
"2","Warning: glm.fit: fitted probabilities numerically 0 or 1 occurred"
"2","Warning: glm.fit: algorithm did not converge"
"2","Warning: glm.fit: fitted probabilities numerically 0 or 1 occurred"
"1","      "
"1"," Df"
"1","   Deviance"
"1"," AIC"
"1","
- Q18 "
"1","  1"
"1"," 1.5568e-09"
"1","  64"
"1","
- Q38 "
"1","  1"
"1"," 1.5629e-09"
"1","  64"
"1","
- Q6  "
"1","  1"
"1"," 1.5654e-09"
"1","  64"
"1","
- Q50 "
"1","  1"
"1"," 1.5704e-09"
"1","  64"
"1","
- Q2  "
"1","  1"
"1"," 1.5764e-09"
"1","  64"
"1","
- Q33 "
"1","  1"
"1"," 1.5795e-09"
"1","  64"
"1","
- Q27 "
"1","  1"
"1"," 1.5834e-09"
"1","  64"
"1","
- Q22 "
"1","  1"
"1"," 1.5872e-09"
"1","  64"
"1","
- Q15 "
"1","  1"
"1"," 1.5921e-09"
"1","  64"
"1","
- Q49 "
"1","  1"
"1"," 1.5995e-09"
"1","  64"
"1","
- Q37 "
"1","  1"
"1"," 1.5997e-09"
"1","  64"
"1","
- Q10 "
"1","  1"
"1"," 1.6000e-09"
"1","  64"
"1","
- Q17 "
"1","  1"
"1"," 1.6027e-09"
"1","  64"
"1","
- Q45 "
"1","  1"
"1"," 1.6045e-09"
"1","  64"
"1","
- Q39 "
"1","  1"
"1"," 1.6061e-09"
"1","  64"
"1","
- Q23 "
"1","  1"
"1"," 1.6079e-09"
"1","  64"
"1","
- Q19 "
"1","  1"
"1"," 1.6172e-09"
"1","  64"
"1","
- Q24 "
"1","  1"
"1"," 1.6210e-09"
"1","  64"
"1","
- Q4  "
"1","  1"
"1"," 1.6248e-09"
"1","  64"
"1","
- Q7  "
"1","  1"
"1"," 1.6280e-09"
"1","  64"
"1","
- Q14 "
"1","  1"
"1"," 1.6499e-09"
"1","  64"
"1","
- Q28 "
"1","  1"
"1"," 1.6537e-09"
"1","  64"
"1","
- Q43 "
"1","  1"
"1"," 1.6539e-09"
"1","  64"
"1","
- Q11 "
"1","  1"
"1"," 1.6617e-09"
"1","  64"
"1","
- Q54 "
"1","  1"
"1"," 1.6788e-09"
"1","  64"
"1","
- Q47 "
"1","  1"
"1"," 1.6817e-09"
"1","  64"
"1","
- Q48 "
"1","  1"
"1"," 1.6945e-09"
"1","  64"
"1","
- Q12 "
"1","  1"
"1"," 1.7380e-09"
"1","  64"
"1","
- Q26 "
"1","  1"
"1"," 1.7484e-09"
"1","  64"
"1","
- Q46 "
"1","  1"
"1"," 1.8032e-09"
"1","  64"
"1","
- Q52 "
"1","  1"
"1"," 1.9007e-09"
"1","  64"
"1","
- Q40 "
"1","  1"
"1"," 2.2257e-09"
"1","  64"
"1","
<none>"
"1","   "
"1"," 1.5408e-09"
"1","  66"
"1","
"
"2","Warning: glm.fit: algorithm did not converge"
"2","Warning: glm.fit: fitted probabilities numerically 0 or 1 occurred"
"1","
Step:  AIC="
"1",""
"1","64"
"1",""
"1","
"
"1",""
"1","Divorce ~ Q2 + Q4 + Q6 + Q7 + Q10 + Q11 + Q12 + Q14 + Q15 + Q17 + "
"1",""
"1","
    Q19 + Q22 + Q23 + Q24 + Q26 + Q27 + Q28 + Q33 + Q37 + Q38 + "
"1",""
"1","
    Q39 + Q40 + Q43 + Q45 + Q46 + Q47 + Q48 + Q49 + Q50 + Q52 + "
"1",""
"1","
    Q54"
"1",""
"1","

"
"2","Warning: glm.fit: algorithm did not converge"
"2","Warning: glm.fit: fitted probabilities numerically 0 or 1 occurred"
"2","Warning: glm.fit: algorithm did not converge"
"2","Warning: glm.fit: fitted probabilities numerically 0 or 1 occurred"
"2","Warning: glm.fit: algorithm did not converge"
"2","Warning: glm.fit: fitted probabilities numerically 0 or 1 occurred"
"2","Warning: glm.fit: algorithm did not converge"
"2","Warning: glm.fit: fitted probabilities numerically 0 or 1 occurred"
"2","Warning: glm.fit: algorithm did not converge"
"2","Warning: glm.fit: fitted probabilities numerically 0 or 1 occurred"
"2","Warning: glm.fit: algorithm did not converge"
"2","Warning: glm.fit: fitted probabilities numerically 0 or 1 occurred"
"2","Warning: glm.fit: algorithm did not converge"
"2","Warning: glm.fit: fitted probabilities numerically 0 or 1 occurred"
"2","Warning: glm.fit: algorithm did not converge"
"2","Warning: glm.fit: fitted probabilities numerically 0 or 1 occurred"
"2","Warning: glm.fit: algorithm did not converge"
"2","Warning: glm.fit: fitted probabilities numerically 0 or 1 occurred"
"2","Warning: glm.fit: algorithm did not converge"
"2","Warning: glm.fit: fitted probabilities numerically 0 or 1 occurred"
"2","Warning: glm.fit: algorithm did not converge"
"2","Warning: glm.fit: fitted probabilities numerically 0 or 1 occurred"
"2","Warning: glm.fit: algorithm did not converge"
"2","Warning: glm.fit: fitted probabilities numerically 0 or 1 occurred"
"2","Warning: glm.fit: algorithm did not converge"
"2","Warning: glm.fit: fitted probabilities numerically 0 or 1 occurred"
"2","Warning: glm.fit: algorithm did not converge"
"2","Warning: glm.fit: fitted probabilities numerically 0 or 1 occurred"
"2","Warning: glm.fit: algorithm did not converge"
"2","Warning: glm.fit: fitted probabilities numerically 0 or 1 occurred"
"2","Warning: glm.fit: algorithm did not converge"
"2","Warning: glm.fit: fitted probabilities numerically 0 or 1 occurred"
"2","Warning: glm.fit: algorithm did not converge"
"2","Warning: glm.fit: fitted probabilities numerically 0 or 1 occurred"
"2","Warning: glm.fit: algorithm did not converge"
"2","Warning: glm.fit: fitted probabilities numerically 0 or 1 occurred"
"2","Warning: glm.fit: algorithm did not converge"
"2","Warning: glm.fit: fitted probabilities numerically 0 or 1 occurred"
"2","Warning: glm.fit: algorithm did not converge"
"2","Warning: glm.fit: fitted probabilities numerically 0 or 1 occurred"
"2","Warning: glm.fit: algorithm did not converge"
"2","Warning: glm.fit: fitted probabilities numerically 0 or 1 occurred"
"2","Warning: glm.fit: algorithm did not converge"
"2","Warning: glm.fit: fitted probabilities numerically 0 or 1 occurred"
"2","Warning: glm.fit: algorithm did not converge"
"2","Warning: glm.fit: fitted probabilities numerically 0 or 1 occurred"
"2","Warning: glm.fit: algorithm did not converge"
"2","Warning: glm.fit: fitted probabilities numerically 0 or 1 occurred"
"2","Warning: glm.fit: algorithm did not converge"
"2","Warning: glm.fit: fitted probabilities numerically 0 or 1 occurred"
"2","Warning: glm.fit: algorithm did not converge"
"2","Warning: glm.fit: fitted probabilities numerically 0 or 1 occurred"
"2","Warning: glm.fit: algorithm did not converge"
"2","Warning: glm.fit: fitted probabilities numerically 0 or 1 occurred"
"2","Warning: glm.fit: algorithm did not converge"
"2","Warning: glm.fit: fitted probabilities numerically 0 or 1 occurred"
"2","Warning: glm.fit: algorithm did not converge"
"2","Warning: glm.fit: fitted probabilities numerically 0 or 1 occurred"
"2","Warning: glm.fit: algorithm did not converge"
"2","Warning: glm.fit: fitted probabilities numerically 0 or 1 occurred"
"2","Warning: glm.fit: algorithm did not converge"
"2","Warning: glm.fit: fitted probabilities numerically 0 or 1 occurred"
"1","      "
"1"," Df"
"1","   Deviance"
"1"," AIC"
"1","
- Q38 "
"1","  1"
"1"," 1.5726e-09"
"1","  62"
"1","
- Q27 "
"1","  1"
"1"," 1.5852e-09"
"1","  62"
"1","
- Q50 "
"1","  1"
"1"," 1.5853e-09"
"1","  62"
"1","
- Q22 "
"1","  1"
"1"," 1.5899e-09"
"1","  62"
"1","
- Q15 "
"1","  1"
"1"," 1.5949e-09"
"1","  62"
"1","
- Q6  "
"1","  1"
"1"," 1.5994e-09"
"1","  62"
"1","
- Q2  "
"1","  1"
"1"," 1.5997e-09"
"1","  62"
"1","
- Q39 "
"1","  1"
"1"," 1.6085e-09"
"1","  62"
"1","
- Q17 "
"1","  1"
"1"," 1.6090e-09"
"1","  62"
"1","
- Q49 "
"1","  1"
"1"," 1.6091e-09"
"1","  62"
"1","
- Q45 "
"1","  1"
"1"," 1.6141e-09"
"1","  62"
"1","
- Q23 "
"1","  1"
"1"," 1.6151e-09"
"1","  62"
"1","
- Q33 "
"1","  1"
"1"," 1.6152e-09"
"1","  62"
"1","
- Q37 "
"1","  1"
"1"," 1.6182e-09"
"1","  62"
"1","
- Q19 "
"1","  1"
"1"," 1.6236e-09"
"1","  62"
"1","
- Q7  "
"1","  1"
"1"," 1.6310e-09"
"1","  62"
"1","
- Q4  "
"1","  1"
"1"," 1.6338e-09"
"1","  62"
"1","
- Q10 "
"1","  1"
"1"," 1.6398e-09"
"1","  62"
"1","
- Q28 "
"1","  1"
"1"," 1.6548e-09"
"1","  62"
"1","
- Q14 "
"1","  1"
"1"," 1.6580e-09"
"1","  62"
"1","
- Q24 "
"1","  1"
"1"," 1.6658e-09"
"1","  62"
"1","
- Q48 "
"1","  1"
"1"," 1.6961e-09"
"1","  62"
"1","
- Q47 "
"1","  1"
"1"," 1.6962e-09"
"1","  62"
"1","
- Q11 "
"1","  1"
"1"," 1.6985e-09"
"1","  62"
"1","
- Q43 "
"1","  1"
"1"," 1.7089e-09"
"1","  62"
"1","
- Q54 "
"1","  1"
"1"," 1.7296e-09"
"1","  62"
"1","
- Q12 "
"1","  1"
"1"," 1.7687e-09"
"1","  62"
"1","
- Q26 "
"1","  1"
"1"," 1.7721e-09"
"1","  62"
"1","
- Q46 "
"1","  1"
"1"," 1.8165e-09"
"1","  62"
"1","
- Q52 "
"1","  1"
"1"," 1.9101e-09"
"1","  62"
"1","
- Q40 "
"1","  1"
"1"," 2.2381e-09"
"1","  62"
"1","
<none>"
"1","   "
"1"," 1.5568e-09"
"1","  64"
"1","
"
"2","Warning: glm.fit: algorithm did not converge"
"2","Warning: glm.fit: fitted probabilities numerically 0 or 1 occurred"
"1","
Step:  AIC="
"1",""
"1","62"
"1",""
"1","
"
"1",""
"1","Divorce ~ Q2 + Q4 + Q6 + Q7 + Q10 + Q11 + Q12 + Q14 + Q15 + Q17 + "
"1",""
"1","
    Q19 + Q22 + Q23 + Q24 + Q26 + Q27 + Q28 + Q33 + Q37 + Q39 + "
"1",""
"1","
    Q40 + Q43 + Q45 + Q46 + Q47 + Q48 + Q49 + Q50 + Q52 + Q54"
"1",""
"1","

"
"2","Warning: glm.fit: algorithm did not converge"
"2","Warning: glm.fit: fitted probabilities numerically 0 or 1 occurred"
"2","Warning: glm.fit: algorithm did not converge"
"2","Warning: glm.fit: fitted probabilities numerically 0 or 1 occurred"
"2","Warning: glm.fit: algorithm did not converge"
"2","Warning: glm.fit: fitted probabilities numerically 0 or 1 occurred"
"2","Warning: glm.fit: algorithm did not converge"
"2","Warning: glm.fit: fitted probabilities numerically 0 or 1 occurred"
"2","Warning: glm.fit: algorithm did not converge"
"2","Warning: glm.fit: fitted probabilities numerically 0 or 1 occurred"
"2","Warning: glm.fit: algorithm did not converge"
"2","Warning: glm.fit: fitted probabilities numerically 0 or 1 occurred"
"2","Warning: glm.fit: algorithm did not converge"
"2","Warning: glm.fit: fitted probabilities numerically 0 or 1 occurred"
"2","Warning: glm.fit: algorithm did not converge"
"2","Warning: glm.fit: fitted probabilities numerically 0 or 1 occurred"
"2","Warning: glm.fit: algorithm did not converge"
"2","Warning: glm.fit: fitted probabilities numerically 0 or 1 occurred"
"2","Warning: glm.fit: algorithm did not converge"
"2","Warning: glm.fit: fitted probabilities numerically 0 or 1 occurred"
"2","Warning: glm.fit: algorithm did not converge"
"2","Warning: glm.fit: fitted probabilities numerically 0 or 1 occurred"
"2","Warning: glm.fit: algorithm did not converge"
"2","Warning: glm.fit: fitted probabilities numerically 0 or 1 occurred"
"2","Warning: glm.fit: algorithm did not converge"
"2","Warning: glm.fit: fitted probabilities numerically 0 or 1 occurred"
"2","Warning: glm.fit: algorithm did not converge"
"2","Warning: glm.fit: fitted probabilities numerically 0 or 1 occurred"
"2","Warning: glm.fit: algorithm did not converge"
"2","Warning: glm.fit: fitted probabilities numerically 0 or 1 occurred"
"2","Warning: glm.fit: algorithm did not converge"
"2","Warning: glm.fit: fitted probabilities numerically 0 or 1 occurred"
"2","Warning: glm.fit: algorithm did not converge"
"2","Warning: glm.fit: fitted probabilities numerically 0 or 1 occurred"
"2","Warning: glm.fit: algorithm did not converge"
"2","Warning: glm.fit: fitted probabilities numerically 0 or 1 occurred"
"2","Warning: glm.fit: algorithm did not converge"
"2","Warning: glm.fit: fitted probabilities numerically 0 or 1 occurred"
"2","Warning: glm.fit: algorithm did not converge"
"2","Warning: glm.fit: fitted probabilities numerically 0 or 1 occurred"
"2","Warning: glm.fit: algorithm did not converge"
"2","Warning: glm.fit: fitted probabilities numerically 0 or 1 occurred"
"2","Warning: glm.fit: algorithm did not converge"
"2","Warning: glm.fit: fitted probabilities numerically 0 or 1 occurred"
"2","Warning: glm.fit: algorithm did not converge"
"2","Warning: glm.fit: fitted probabilities numerically 0 or 1 occurred"
"2","Warning: glm.fit: algorithm did not converge"
"2","Warning: glm.fit: fitted probabilities numerically 0 or 1 occurred"
"2","Warning: glm.fit: algorithm did not converge"
"2","Warning: glm.fit: fitted probabilities numerically 0 or 1 occurred"
"2","Warning: glm.fit: algorithm did not converge"
"2","Warning: glm.fit: fitted probabilities numerically 0 or 1 occurred"
"2","Warning: glm.fit: algorithm did not converge"
"2","Warning: glm.fit: fitted probabilities numerically 0 or 1 occurred"
"2","Warning: glm.fit: algorithm did not converge"
"2","Warning: glm.fit: fitted probabilities numerically 0 or 1 occurred"
"2","Warning: glm.fit: algorithm did not converge"
"2","Warning: glm.fit: fitted probabilities numerically 0 or 1 occurred"
"2","Warning: glm.fit: algorithm did not converge"
"2","Warning: glm.fit: fitted probabilities numerically 0 or 1 occurred"
"1","      "
"1"," Df"
"1","   Deviance"
"1"," AIC"
"1","
- Q50 "
"1","  1"
"1"," 1.5867e-09"
"1","  60"
"1","
- Q27 "
"1","  1"
"1"," 1.5893e-09"
"1","  60"
"1","
- Q15 "
"1","  1"
"1"," 1.5982e-09"
"1","  60"
"1","
- Q22 "
"1","  1"
"1"," 1.6062e-09"
"1","  60"
"1","
- Q17 "
"1","  1"
"1"," 1.6127e-09"
"1","  60"
"1","
- Q49 "
"1","  1"
"1"," 1.6166e-09"
"1","  60"
"1","
- Q39 "
"1","  1"
"1"," 1.6175e-09"
"1","  60"
"1","
- Q2  "
"1","  1"
"1"," 1.6177e-09"
"1","  60"
"1","
- Q33 "
"1","  1"
"1"," 1.6281e-09"
"1","  60"
"1","
- Q19 "
"1","  1"
"1"," 1.6292e-09"
"1","  60"
"1","
- Q6  "
"1","  1"
"1"," 1.6315e-09"
"1","  60"
"1","
- Q7  "
"1","  1"
"1"," 1.6329e-09"
"1","  60"
"1","
- Q37 "
"1","  1"
"1"," 1.6368e-09"
"1","  60"
"1","
- Q45 "
"1","  1"
"1"," 1.6373e-09"
"1","  60"
"1","
- Q23 "
"1","  1"
"1"," 1.6470e-09"
"1","  60"
"1","
- Q10 "
"1","  1"
"1"," 1.6482e-09"
"1","  60"
"1","
- Q28 "
"1","  1"
"1"," 1.6624e-09"
"1","  60"
"1","
- Q4  "
"1","  1"
"1"," 1.6775e-09"
"1","  60"
"1","
- Q14 "
"1","  1"
"1"," 1.6817e-09"
"1","  60"
"1","
- Q11 "
"1","  1"
"1"," 1.6985e-09"
"1","  60"
"1","
- Q48 "
"1","  1"
"1"," 1.7053e-09"
"1","  60"
"1","
- Q24 "
"1","  1"
"1"," 1.7053e-09"
"1","  60"
"1","
- Q47 "
"1","  1"
"1"," 1.7260e-09"
"1","  60"
"1","
- Q43 "
"1","  1"
"1"," 1.7586e-09"
"1","  60"
"1","
- Q54 "
"1","  1"
"1"," 1.7669e-09"
"1","  60"
"1","
- Q26 "
"1","  1"
"1"," 1.7812e-09"
"1","  60"
"1","
- Q46 "
"1","  1"
"1"," 1.8199e-09"
"1","  60"
"1","
- Q12 "
"1","  1"
"1"," 1.9440e-09"
"1","  60"
"1","
- Q52 "
"1","  1"
"1"," 1.9498e-09"
"1","  60"
"1","
- Q40 "
"1","  1"
"1"," 2.5031e-09"
"1","  60"
"1","
<none>"
"1","   "
"1"," 1.5726e-09"
"1","  62"
"1","
"
"2","Warning: glm.fit: algorithm did not converge"
"2","Warning: glm.fit: fitted probabilities numerically 0 or 1 occurred"
"1","
Step:  AIC="
"1",""
"1","60"
"1",""
"1","
"
"1",""
"1","Divorce ~ Q2 + Q4 + Q6 + Q7 + Q10 + Q11 + Q12 + Q14 + Q15 + Q17 + "
"1",""
"1","
    Q19 + Q22 + Q23 + Q24 + Q26 + Q27 + Q28 + Q33 + Q37 + Q39 + "
"1",""
"1","
    Q40 + Q43 + Q45 + Q46 + Q47 + Q48 + Q49 + Q52 + Q54"
"1",""
"1","

"
"2","Warning: glm.fit: algorithm did not converge"
"2","Warning: glm.fit: fitted probabilities numerically 0 or 1 occurred"
"2","Warning: glm.fit: algorithm did not converge"
"2","Warning: glm.fit: fitted probabilities numerically 0 or 1 occurred"
"2","Warning: glm.fit: algorithm did not converge"
"2","Warning: glm.fit: fitted probabilities numerically 0 or 1 occurred"
"2","Warning: glm.fit: algorithm did not converge"
"2","Warning: glm.fit: fitted probabilities numerically 0 or 1 occurred"
"2","Warning: glm.fit: algorithm did not converge"
"2","Warning: glm.fit: fitted probabilities numerically 0 or 1 occurred"
"2","Warning: glm.fit: algorithm did not converge"
"2","Warning: glm.fit: fitted probabilities numerically 0 or 1 occurred"
"2","Warning: glm.fit: algorithm did not converge"
"2","Warning: glm.fit: fitted probabilities numerically 0 or 1 occurred"
"2","Warning: glm.fit: algorithm did not converge"
"2","Warning: glm.fit: fitted probabilities numerically 0 or 1 occurred"
"2","Warning: glm.fit: algorithm did not converge"
"2","Warning: glm.fit: fitted probabilities numerically 0 or 1 occurred"
"2","Warning: glm.fit: algorithm did not converge"
"2","Warning: glm.fit: fitted probabilities numerically 0 or 1 occurred"
"2","Warning: glm.fit: algorithm did not converge"
"2","Warning: glm.fit: fitted probabilities numerically 0 or 1 occurred"
"2","Warning: glm.fit: algorithm did not converge"
"2","Warning: glm.fit: fitted probabilities numerically 0 or 1 occurred"
"2","Warning: glm.fit: algorithm did not converge"
"2","Warning: glm.fit: fitted probabilities numerically 0 or 1 occurred"
"2","Warning: glm.fit: algorithm did not converge"
"2","Warning: glm.fit: fitted probabilities numerically 0 or 1 occurred"
"2","Warning: glm.fit: algorithm did not converge"
"2","Warning: glm.fit: fitted probabilities numerically 0 or 1 occurred"
"2","Warning: glm.fit: algorithm did not converge"
"2","Warning: glm.fit: fitted probabilities numerically 0 or 1 occurred"
"2","Warning: glm.fit: algorithm did not converge"
"2","Warning: glm.fit: fitted probabilities numerically 0 or 1 occurred"
"2","Warning: glm.fit: algorithm did not converge"
"2","Warning: glm.fit: fitted probabilities numerically 0 or 1 occurred"
"2","Warning: glm.fit: algorithm did not converge"
"2","Warning: glm.fit: fitted probabilities numerically 0 or 1 occurred"
"2","Warning: glm.fit: algorithm did not converge"
"2","Warning: glm.fit: fitted probabilities numerically 0 or 1 occurred"
"2","Warning: glm.fit: algorithm did not converge"
"2","Warning: glm.fit: fitted probabilities numerically 0 or 1 occurred"
"2","Warning: glm.fit: algorithm did not converge"
"2","Warning: glm.fit: fitted probabilities numerically 0 or 1 occurred"
"2","Warning: glm.fit: algorithm did not converge"
"2","Warning: glm.fit: fitted probabilities numerically 0 or 1 occurred"
"2","Warning: glm.fit: algorithm did not converge"
"2","Warning: glm.fit: fitted probabilities numerically 0 or 1 occurred"
"2","Warning: glm.fit: algorithm did not converge"
"2","Warning: glm.fit: fitted probabilities numerically 0 or 1 occurred"
"2","Warning: glm.fit: algorithm did not converge"
"2","Warning: glm.fit: fitted probabilities numerically 0 or 1 occurred"
"2","Warning: glm.fit: algorithm did not converge"
"2","Warning: glm.fit: fitted probabilities numerically 0 or 1 occurred"
"2","Warning: glm.fit: algorithm did not converge"
"2","Warning: glm.fit: fitted probabilities numerically 0 or 1 occurred"
"2","Warning: glm.fit: algorithm did not converge"
"2","Warning: glm.fit: fitted probabilities numerically 0 or 1 occurred"
"1","      "
"1"," Df"
"1","   Deviance"
"1"," AIC"
"1","
- Q27 "
"1","  1"
"1"," 1.6006e-09"
"1","  58"
"1","
- Q15 "
"1","  1"
"1"," 1.6196e-09"
"1","  58"
"1","
- Q22 "
"1","  1"
"1"," 1.6212e-09"
"1","  58"
"1","
- Q7  "
"1","  1"
"1"," 1.6296e-09"
"1","  58"
"1","
- Q19 "
"1","  1"
"1"," 1.6385e-09"
"1","  58"
"1","
- Q6  "
"1","  1"
"1"," 1.6405e-09"
"1","  58"
"1","
- Q33 "
"1","  1"
"1"," 1.6421e-09"
"1","  58"
"1","
- Q17 "
"1","  1"
"1"," 1.6423e-09"
"1","  58"
"1","
- Q37 "
"1","  1"
"1"," 1.6485e-09"
"1","  58"
"1","
- Q39 "
"1","  1"
"1"," 1.6561e-09"
"1","  58"
"1","
- Q49 "
"1","  1"
"1"," 1.6570e-09"
"1","  58"
"1","
- Q2  "
"1","  1"
"1"," 1.6594e-09"
"1","  58"
"1","
- Q45 "
"1","  1"
"1"," 1.6687e-09"
"1","  58"
"1","
- Q28 "
"1","  1"
"1"," 1.6699e-09"
"1","  58"
"1","
- Q23 "
"1","  1"
"1"," 1.6721e-09"
"1","  58"
"1","
- Q14 "
"1","  1"
"1"," 1.6831e-09"
"1","  58"
"1","
- Q4  "
"1","  1"
"1"," 1.6867e-09"
"1","  58"
"1","
- Q10 "
"1","  1"
"1"," 1.6873e-09"
"1","  58"
"1","
- Q11 "
"1","  1"
"1"," 1.7171e-09"
"1","  58"
"1","
- Q48 "
"1","  1"
"1"," 1.7265e-09"
"1","  58"
"1","
- Q47 "
"1","  1"
"1"," 1.7305e-09"
"1","  58"
"1","
- Q24 "
"1","  1"
"1"," 1.7706e-09"
"1","  58"
"1","
- Q43 "
"1","  1"
"1"," 1.7924e-09"
"1","  58"
"1","
- Q46 "
"1","  1"
"1"," 1.8223e-09"
"1","  58"
"1","
- Q54 "
"1","  1"
"1"," 1.8291e-09"
"1","  58"
"1","
- Q26 "
"1","  1"
"1"," 1.8511e-09"
"1","  58"
"1","
- Q52 "
"1","  1"
"1"," 1.9692e-09"
"1","  58"
"1","
- Q12 "
"1","  1"
"1"," 1.9826e-09"
"1","  58"
"1","
- Q40 "
"1","  1"
"1"," 2.5493e-09"
"1","  58"
"1","
<none>"
"1","   "
"1"," 1.5867e-09"
"1","  60"
"1","
"
"2","Warning: glm.fit: algorithm did not converge"
"2","Warning: glm.fit: fitted probabilities numerically 0 or 1 occurred"
"1","
Step:  AIC="
"1",""
"1","58"
"1",""
"1","
"
"1",""
"1","Divorce ~ Q2 + Q4 + Q6 + Q7 + Q10 + Q11 + Q12 + Q14 + Q15 + Q17 + "
"1",""
"1","
    Q19 + Q22 + Q23 + Q24 + Q26 + Q28 + Q33 + Q37 + Q39 + Q40 + "
"1",""
"1","
    Q43 + Q45 + Q46 + Q47 + Q48 + Q49 + Q52 + Q54"
"1",""
"1","

"
"2","Warning: glm.fit: algorithm did not converge"
"2","Warning: glm.fit: fitted probabilities numerically 0 or 1 occurred"
"2","Warning: glm.fit: algorithm did not converge"
"2","Warning: glm.fit: fitted probabilities numerically 0 or 1 occurred"
"2","Warning: glm.fit: algorithm did not converge"
"2","Warning: glm.fit: fitted probabilities numerically 0 or 1 occurred"
"2","Warning: glm.fit: algorithm did not converge"
"2","Warning: glm.fit: fitted probabilities numerically 0 or 1 occurred"
"2","Warning: glm.fit: algorithm did not converge"
"2","Warning: glm.fit: fitted probabilities numerically 0 or 1 occurred"
"2","Warning: glm.fit: algorithm did not converge"
"2","Warning: glm.fit: fitted probabilities numerically 0 or 1 occurred"
"2","Warning: glm.fit: algorithm did not converge"
"2","Warning: glm.fit: fitted probabilities numerically 0 or 1 occurred"
"2","Warning: glm.fit: algorithm did not converge"
"2","Warning: glm.fit: fitted probabilities numerically 0 or 1 occurred"
"2","Warning: glm.fit: algorithm did not converge"
"2","Warning: glm.fit: fitted probabilities numerically 0 or 1 occurred"
"2","Warning: glm.fit: algorithm did not converge"
"2","Warning: glm.fit: fitted probabilities numerically 0 or 1 occurred"
"2","Warning: glm.fit: algorithm did not converge"
"2","Warning: glm.fit: fitted probabilities numerically 0 or 1 occurred"
"2","Warning: glm.fit: algorithm did not converge"
"2","Warning: glm.fit: fitted probabilities numerically 0 or 1 occurred"
"2","Warning: glm.fit: algorithm did not converge"
"2","Warning: glm.fit: fitted probabilities numerically 0 or 1 occurred"
"2","Warning: glm.fit: algorithm did not converge"
"2","Warning: glm.fit: fitted probabilities numerically 0 or 1 occurred"
"2","Warning: glm.fit: algorithm did not converge"
"2","Warning: glm.fit: fitted probabilities numerically 0 or 1 occurred"
"2","Warning: glm.fit: algorithm did not converge"
"2","Warning: glm.fit: fitted probabilities numerically 0 or 1 occurred"
"2","Warning: glm.fit: algorithm did not converge"
"2","Warning: glm.fit: fitted probabilities numerically 0 or 1 occurred"
"2","Warning: glm.fit: algorithm did not converge"
"2","Warning: glm.fit: fitted probabilities numerically 0 or 1 occurred"
"2","Warning: glm.fit: algorithm did not converge"
"2","Warning: glm.fit: fitted probabilities numerically 0 or 1 occurred"
"2","Warning: glm.fit: algorithm did not converge"
"2","Warning: glm.fit: fitted probabilities numerically 0 or 1 occurred"
"2","Warning: glm.fit: algorithm did not converge"
"2","Warning: glm.fit: fitted probabilities numerically 0 or 1 occurred"
"2","Warning: glm.fit: algorithm did not converge"
"2","Warning: glm.fit: fitted probabilities numerically 0 or 1 occurred"
"2","Warning: glm.fit: algorithm did not converge"
"2","Warning: glm.fit: fitted probabilities numerically 0 or 1 occurred"
"2","Warning: glm.fit: algorithm did not converge"
"2","Warning: glm.fit: fitted probabilities numerically 0 or 1 occurred"
"2","Warning: glm.fit: algorithm did not converge"
"2","Warning: glm.fit: fitted probabilities numerically 0 or 1 occurred"
"2","Warning: glm.fit: algorithm did not converge"
"2","Warning: glm.fit: fitted probabilities numerically 0 or 1 occurred"
"2","Warning: glm.fit: algorithm did not converge"
"2","Warning: glm.fit: fitted probabilities numerically 0 or 1 occurred"
"2","Warning: glm.fit: algorithm did not converge"
"2","Warning: glm.fit: fitted probabilities numerically 0 or 1 occurred"
"1","      "
"1"," Df"
"1","   Deviance"
"1"," AIC"
"1","
- Q15 "
"1","  1"
"1"," 1.6198e-09"
"1","  56"
"1","
- Q7  "
"1","  1"
"1"," 1.6365e-09"
"1","  56"
"1","
- Q22 "
"1","  1"
"1"," 1.6450e-09"
"1","  56"
"1","
- Q33 "
"1","  1"
"1"," 1.6633e-09"
"1","  56"
"1","
- Q19 "
"1","  1"
"1"," 1.6653e-09"
"1","  56"
"1","
- Q45 "
"1","  1"
"1"," 1.6751e-09"
"1","  56"
"1","
- Q28 "
"1","  1"
"1"," 1.6783e-09"
"1","  56"
"1","
- Q49 "
"1","  1"
"1"," 1.6792e-09"
"1","  56"
"1","
- Q37 "
"1","  1"
"1"," 1.6914e-09"
"1","  56"
"1","
- Q6  "
"1","  1"
"1"," 1.6919e-09"
"1","  56"
"1","
- Q2  "
"1","  1"
"1"," 1.6935e-09"
"1","  56"
"1","
- Q39 "
"1","  1"
"1"," 1.7132e-09"
"1","  56"
"1","
- Q11 "
"1","  1"
"1"," 1.7135e-09"
"1","  56"
"1","
- Q10 "
"1","  1"
"1"," 1.7157e-09"
"1","  56"
"1","
- Q17 "
"1","  1"
"1"," 1.7335e-09"
"1","  56"
"1","
- Q23 "
"1","  1"
"1"," 1.7391e-09"
"1","  56"
"1","
- Q4  "
"1","  1"
"1"," 1.7418e-09"
"1","  56"
"1","
- Q43 "
"1","  1"
"1"," 1.7931e-09"
"1","  56"
"1","
- Q48 "
"1","  1"
"1"," 1.8094e-09"
"1","  56"
"1","
- Q47 "
"1","  1"
"1"," 1.8491e-09"
"1","  56"
"1","
- Q26 "
"1","  1"
"1"," 1.8541e-09"
"1","  56"
"1","
- Q14 "
"1","  1"
"1"," 1.8657e-09"
"1","  56"
"1","
- Q54 "
"1","  1"
"1"," 1.8704e-09"
"1","  56"
"1","
- Q46 "
"1","  1"
"1"," 1.8769e-09"
"1","  56"
"1","
- Q24 "
"1","  1"
"1"," 1.9520e-09"
"1","  56"
"1","
- Q52 "
"1","  1"
"1"," 1.9800e-09"
"1","  56"
"1","
- Q12 "
"1","  1"
"1"," 2.0319e-09"
"1","  56"
"1","
- Q40 "
"1","  1"
"1"," 2.7363e-09"
"1","  56"
"1","
<none>"
"1","   "
"1"," 1.6006e-09"
"1","  58"
"1","
"
"2","Warning: glm.fit: algorithm did not converge"
"2","Warning: glm.fit: fitted probabilities numerically 0 or 1 occurred"
"1","
Step:  AIC="
"1",""
"1","56"
"1",""
"1","
"
"1",""
"1","Divorce ~ Q2 + Q4 + Q6 + Q7 + Q10 + Q11 + Q12 + Q14 + Q17 + Q19 + "
"1",""
"1","
    Q22 + Q23 + Q24 + Q26 + Q28 + Q33 + Q37 + Q39 + Q40 + Q43 + "
"1",""
"1","
    Q45 + Q46 + Q47 + Q48 + Q49 + Q52 + Q54"
"1",""
"1","

"
"2","Warning: glm.fit: algorithm did not converge"
"2","Warning: glm.fit: fitted probabilities numerically 0 or 1 occurred"
"2","Warning: glm.fit: algorithm did not converge"
"2","Warning: glm.fit: fitted probabilities numerically 0 or 1 occurred"
"2","Warning: glm.fit: algorithm did not converge"
"2","Warning: glm.fit: fitted probabilities numerically 0 or 1 occurred"
"2","Warning: glm.fit: algorithm did not converge"
"2","Warning: glm.fit: fitted probabilities numerically 0 or 1 occurred"
"2","Warning: glm.fit: algorithm did not converge"
"2","Warning: glm.fit: fitted probabilities numerically 0 or 1 occurred"
"2","Warning: glm.fit: algorithm did not converge"
"2","Warning: glm.fit: fitted probabilities numerically 0 or 1 occurred"
"2","Warning: glm.fit: algorithm did not converge"
"2","Warning: glm.fit: fitted probabilities numerically 0 or 1 occurred"
"2","Warning: glm.fit: algorithm did not converge"
"2","Warning: glm.fit: fitted probabilities numerically 0 or 1 occurred"
"2","Warning: glm.fit: algorithm did not converge"
"2","Warning: glm.fit: fitted probabilities numerically 0 or 1 occurred"
"2","Warning: glm.fit: algorithm did not converge"
"2","Warning: glm.fit: fitted probabilities numerically 0 or 1 occurred"
"2","Warning: glm.fit: algorithm did not converge"
"2","Warning: glm.fit: fitted probabilities numerically 0 or 1 occurred"
"2","Warning: glm.fit: algorithm did not converge"
"2","Warning: glm.fit: fitted probabilities numerically 0 or 1 occurred"
"2","Warning: glm.fit: algorithm did not converge"
"2","Warning: glm.fit: fitted probabilities numerically 0 or 1 occurred"
"2","Warning: glm.fit: algorithm did not converge"
"2","Warning: glm.fit: fitted probabilities numerically 0 or 1 occurred"
"2","Warning: glm.fit: algorithm did not converge"
"2","Warning: glm.fit: fitted probabilities numerically 0 or 1 occurred"
"2","Warning: glm.fit: algorithm did not converge"
"2","Warning: glm.fit: fitted probabilities numerically 0 or 1 occurred"
"2","Warning: glm.fit: algorithm did not converge"
"2","Warning: glm.fit: fitted probabilities numerically 0 or 1 occurred"
"2","Warning: glm.fit: algorithm did not converge"
"2","Warning: glm.fit: fitted probabilities numerically 0 or 1 occurred"
"2","Warning: glm.fit: algorithm did not converge"
"2","Warning: glm.fit: fitted probabilities numerically 0 or 1 occurred"
"2","Warning: glm.fit: algorithm did not converge"
"2","Warning: glm.fit: fitted probabilities numerically 0 or 1 occurred"
"2","Warning: glm.fit: algorithm did not converge"
"2","Warning: glm.fit: fitted probabilities numerically 0 or 1 occurred"
"2","Warning: glm.fit: algorithm did not converge"
"2","Warning: glm.fit: fitted probabilities numerically 0 or 1 occurred"
"2","Warning: glm.fit: algorithm did not converge"
"2","Warning: glm.fit: fitted probabilities numerically 0 or 1 occurred"
"2","Warning: glm.fit: algorithm did not converge"
"2","Warning: glm.fit: fitted probabilities numerically 0 or 1 occurred"
"2","Warning: glm.fit: algorithm did not converge"
"2","Warning: glm.fit: fitted probabilities numerically 0 or 1 occurred"
"2","Warning: glm.fit: algorithm did not converge"
"2","Warning: glm.fit: fitted probabilities numerically 0 or 1 occurred"
"2","Warning: glm.fit: algorithm did not converge"
"2","Warning: glm.fit: fitted probabilities numerically 0 or 1 occurred"
"1","      "
"1"," Df"
"1","   Deviance"
"1"," AIC"
"1","
- Q7  "
"1","  1"
"1"," 1.6476e-09"
"1","  54"
"1","
- Q22 "
"1","  1"
"1"," 1.6798e-09"
"1","  54"
"1","
- Q19 "
"1","  1"
"1"," 1.6801e-09"
"1","  54"
"1","
- Q33 "
"1","  1"
"1"," 1.6810e-09"
"1","  54"
"1","
- Q45 "
"1","  1"
"1"," 1.6876e-09"
"1","  54"
"1","
- Q49 "
"1","  1"
"1"," 1.6937e-09"
"1","  54"
"1","
- Q2  "
"1","  1"
"1"," 1.6954e-09"
"1","  54"
"1","
- Q28 "
"1","  1"
"1"," 1.7008e-09"
"1","  54"
"1","
- Q6  "
"1","  1"
"1"," 1.7026e-09"
"1","  54"
"1","
- Q11 "
"1","  1"
"1"," 1.7177e-09"
"1","  54"
"1","
- Q39 "
"1","  1"
"1"," 1.7183e-09"
"1","  54"
"1","
- Q10 "
"1","  1"
"1"," 1.7226e-09"
"1","  54"
"1","
- Q37 "
"1","  1"
"1"," 1.7342e-09"
"1","  54"
"1","
- Q4  "
"1","  1"
"1"," 1.7471e-09"
"1","  54"
"1","
- Q23 "
"1","  1"
"1"," 1.7528e-09"
"1","  54"
"1","
- Q17 "
"1","  1"
"1"," 1.7709e-09"
"1","  54"
"1","
- Q43 "
"1","  1"
"1"," 1.7963e-09"
"1","  54"
"1","
- Q26 "
"1","  1"
"1"," 1.8631e-09"
"1","  54"
"1","
- Q48 "
"1","  1"
"1"," 1.8730e-09"
"1","  54"
"1","
- Q47 "
"1","  1"
"1"," 1.8791e-09"
"1","  54"
"1","
- Q46 "
"1","  1"
"1"," 1.8883e-09"
"1","  54"
"1","
- Q54 "
"1","  1"
"1"," 1.8904e-09"
"1","  54"
"1","
- Q14 "
"1","  1"
"1"," 1.9310e-09"
"1","  54"
"1","
- Q52 "
"1","  1"
"1"," 1.9846e-09"
"1","  54"
"1","
- Q24 "
"1","  1"
"1"," 1.9966e-09"
"1","  54"
"1","
- Q12 "
"1","  1"
"1"," 2.0362e-09"
"1","  54"
"1","
- Q40 "
"1","  1"
"1"," 2.8623e-09"
"1","  54"
"1","
<none>"
"1","   "
"1"," 1.6198e-09"
"1","  56"
"1","
"
"2","Warning: glm.fit: algorithm did not converge"
"2","Warning: glm.fit: fitted probabilities numerically 0 or 1 occurred"
"1","
Step:  AIC="
"1",""
"1","54"
"1",""
"1","
"
"1",""
"1","Divorce ~ Q2 + Q4 + Q6 + Q10 + Q11 + Q12 + Q14 + Q17 + Q19 + "
"1",""
"1","
    Q22 + Q23 + Q24 + Q26 + Q28 + Q33 + Q37 + Q39 + Q40 + Q43 + "
"1",""
"1","
    Q45 + Q46 + Q47 + Q48 + Q49 + Q52 + Q54"
"1",""
"1","

"
"2","Warning: glm.fit: algorithm did not converge"
"2","Warning: glm.fit: fitted probabilities numerically 0 or 1 occurred"
"2","Warning: glm.fit: algorithm did not converge"
"2","Warning: glm.fit: fitted probabilities numerically 0 or 1 occurred"
"2","Warning: glm.fit: algorithm did not converge"
"2","Warning: glm.fit: fitted probabilities numerically 0 or 1 occurred"
"2","Warning: glm.fit: algorithm did not converge"
"2","Warning: glm.fit: fitted probabilities numerically 0 or 1 occurred"
"2","Warning: glm.fit: algorithm did not converge"
"2","Warning: glm.fit: fitted probabilities numerically 0 or 1 occurred"
"2","Warning: glm.fit: algorithm did not converge"
"2","Warning: glm.fit: fitted probabilities numerically 0 or 1 occurred"
"2","Warning: glm.fit: algorithm did not converge"
"2","Warning: glm.fit: fitted probabilities numerically 0 or 1 occurred"
"2","Warning: glm.fit: algorithm did not converge"
"2","Warning: glm.fit: fitted probabilities numerically 0 or 1 occurred"
"2","Warning: glm.fit: algorithm did not converge"
"2","Warning: glm.fit: fitted probabilities numerically 0 or 1 occurred"
"2","Warning: glm.fit: algorithm did not converge"
"2","Warning: glm.fit: fitted probabilities numerically 0 or 1 occurred"
"2","Warning: glm.fit: algorithm did not converge"
"2","Warning: glm.fit: fitted probabilities numerically 0 or 1 occurred"
"2","Warning: glm.fit: algorithm did not converge"
"2","Warning: glm.fit: fitted probabilities numerically 0 or 1 occurred"
"2","Warning: glm.fit: algorithm did not converge"
"2","Warning: glm.fit: fitted probabilities numerically 0 or 1 occurred"
"2","Warning: glm.fit: algorithm did not converge"
"2","Warning: glm.fit: fitted probabilities numerically 0 or 1 occurred"
"2","Warning: glm.fit: algorithm did not converge"
"2","Warning: glm.fit: fitted probabilities numerically 0 or 1 occurred"
"2","Warning: glm.fit: algorithm did not converge"
"2","Warning: glm.fit: fitted probabilities numerically 0 or 1 occurred"
"2","Warning: glm.fit: algorithm did not converge"
"2","Warning: glm.fit: fitted probabilities numerically 0 or 1 occurred"
"2","Warning: glm.fit: algorithm did not converge"
"2","Warning: glm.fit: fitted probabilities numerically 0 or 1 occurred"
"2","Warning: glm.fit: algorithm did not converge"
"2","Warning: glm.fit: fitted probabilities numerically 0 or 1 occurred"
"2","Warning: glm.fit: algorithm did not converge"
"2","Warning: glm.fit: fitted probabilities numerically 0 or 1 occurred"
"2","Warning: glm.fit: algorithm did not converge"
"2","Warning: glm.fit: fitted probabilities numerically 0 or 1 occurred"
"2","Warning: glm.fit: algorithm did not converge"
"2","Warning: glm.fit: fitted probabilities numerically 0 or 1 occurred"
"2","Warning: glm.fit: algorithm did not converge"
"2","Warning: glm.fit: fitted probabilities numerically 0 or 1 occurred"
"2","Warning: glm.fit: algorithm did not converge"
"2","Warning: glm.fit: fitted probabilities numerically 0 or 1 occurred"
"2","Warning: glm.fit: algorithm did not converge"
"2","Warning: glm.fit: fitted probabilities numerically 0 or 1 occurred"
"2","Warning: glm.fit: algorithm did not converge"
"2","Warning: glm.fit: fitted probabilities numerically 0 or 1 occurred"
"1","      "
"1"," Df"
"1","   Deviance"
"1"," AIC"
"1","
- Q19 "
"1","  1"
"1"," 1.6802e-09"
"1","  52"
"1","
- Q22 "
"1","  1"
"1"," 1.6900e-09"
"1","  52"
"1","
- Q28 "
"1","  1"
"1"," 1.7048e-09"
"1","  52"
"1","
- Q2  "
"1","  1"
"1"," 1.7066e-09"
"1","  52"
"1","
- Q49 "
"1","  1"
"1"," 1.7253e-09"
"1","  52"
"1","
- Q33 "
"1","  1"
"1"," 1.7316e-09"
"1","  52"
"1","
- Q10 "
"1","  1"
"1"," 1.7324e-09"
"1","  52"
"1","
- Q45 "
"1","  1"
"1"," 1.7453e-09"
"1","  52"
"1","
- Q37 "
"1","  1"
"1"," 1.7485e-09"
"1","  52"
"1","
- Q39 "
"1","  1"
"1"," 1.7575e-09"
"1","  52"
"1","
- Q11 "
"1","  1"
"1"," 1.7633e-09"
"1","  52"
"1","
- Q17 "
"1","  1"
"1"," 1.7733e-09"
"1","  52"
"1","
- Q23 "
"1","  1"
"1"," 1.8253e-09"
"1","  52"
"1","
- Q43 "
"1","  1"
"1"," 1.8667e-09"
"1","  52"
"1","
- Q4  "
"1","  1"
"1"," 1.9001e-09"
"1","  52"
"1","
- Q46 "
"1","  1"
"1"," 1.9085e-09"
"1","  52"
"1","
- Q54 "
"1","  1"
"1"," 1.9151e-09"
"1","  52"
"1","
- Q48 "
"1","  1"
"1"," 1.9200e-09"
"1","  52"
"1","
- Q6  "
"1","  1"
"1"," 1.9268e-09"
"1","  52"
"1","
- Q47 "
"1","  1"
"1"," 1.9507e-09"
"1","  52"
"1","
- Q14 "
"1","  1"
"1"," 1.9556e-09"
"1","  52"
"1","
- Q26 "
"1","  1"
"1"," 1.9760e-09"
"1","  52"
"1","
- Q52 "
"1","  1"
"1"," 2.0273e-09"
"1","  52"
"1","
- Q24 "
"1","  1"
"1"," 2.0284e-09"
"1","  52"
"1","
- Q12 "
"1","  1"
"1"," 2.0527e-09"
"1","  52"
"1","
- Q40 "
"1","  1"
"1"," 2.9432e-09"
"1","  52"
"1","
<none>"
"1","   "
"1"," 1.6476e-09"
"1","  54"
"1","
"
"2","Warning: glm.fit: algorithm did not converge"
"2","Warning: glm.fit: fitted probabilities numerically 0 or 1 occurred"
"1","
Step:  AIC="
"1",""
"1","52"
"1",""
"1","
"
"1",""
"1","Divorce ~ Q2 + Q4 + Q6 + Q10 + Q11 + Q12 + Q14 + Q17 + Q22 + "
"1",""
"1","
    Q23 + Q24 + Q26 + Q28 + Q33 + Q37 + Q39 + Q40 + Q43 + Q45 + "
"1",""
"1","
    Q46 + Q47 + Q48 + Q49 + Q52 + Q54"
"1",""
"1","

"
"2","Warning: glm.fit: algorithm did not converge"
"2","Warning: glm.fit: fitted probabilities numerically 0 or 1 occurred"
"2","Warning: glm.fit: algorithm did not converge"
"2","Warning: glm.fit: fitted probabilities numerically 0 or 1 occurred"
"2","Warning: glm.fit: algorithm did not converge"
"2","Warning: glm.fit: fitted probabilities numerically 0 or 1 occurred"
"2","Warning: glm.fit: algorithm did not converge"
"2","Warning: glm.fit: fitted probabilities numerically 0 or 1 occurred"
"2","Warning: glm.fit: algorithm did not converge"
"2","Warning: glm.fit: fitted probabilities numerically 0 or 1 occurred"
"2","Warning: glm.fit: algorithm did not converge"
"2","Warning: glm.fit: fitted probabilities numerically 0 or 1 occurred"
"2","Warning: glm.fit: algorithm did not converge"
"2","Warning: glm.fit: fitted probabilities numerically 0 or 1 occurred"
"2","Warning: glm.fit: algorithm did not converge"
"2","Warning: glm.fit: fitted probabilities numerically 0 or 1 occurred"
"2","Warning: glm.fit: algorithm did not converge"
"2","Warning: glm.fit: fitted probabilities numerically 0 or 1 occurred"
"2","Warning: glm.fit: algorithm did not converge"
"2","Warning: glm.fit: fitted probabilities numerically 0 or 1 occurred"
"2","Warning: glm.fit: algorithm did not converge"
"2","Warning: glm.fit: fitted probabilities numerically 0 or 1 occurred"
"2","Warning: glm.fit: algorithm did not converge"
"2","Warning: glm.fit: fitted probabilities numerically 0 or 1 occurred"
"2","Warning: glm.fit: algorithm did not converge"
"2","Warning: glm.fit: fitted probabilities numerically 0 or 1 occurred"
"2","Warning: glm.fit: algorithm did not converge"
"2","Warning: glm.fit: fitted probabilities numerically 0 or 1 occurred"
"2","Warning: glm.fit: algorithm did not converge"
"2","Warning: glm.fit: fitted probabilities numerically 0 or 1 occurred"
"2","Warning: glm.fit: algorithm did not converge"
"2","Warning: glm.fit: fitted probabilities numerically 0 or 1 occurred"
"2","Warning: glm.fit: algorithm did not converge"
"2","Warning: glm.fit: fitted probabilities numerically 0 or 1 occurred"
"2","Warning: glm.fit: algorithm did not converge"
"2","Warning: glm.fit: fitted probabilities numerically 0 or 1 occurred"
"2","Warning: glm.fit: algorithm did not converge"
"2","Warning: glm.fit: fitted probabilities numerically 0 or 1 occurred"
"2","Warning: glm.fit: algorithm did not converge"
"2","Warning: glm.fit: fitted probabilities numerically 0 or 1 occurred"
"2","Warning: glm.fit: algorithm did not converge"
"2","Warning: glm.fit: fitted probabilities numerically 0 or 1 occurred"
"2","Warning: glm.fit: algorithm did not converge"
"2","Warning: glm.fit: fitted probabilities numerically 0 or 1 occurred"
"2","Warning: glm.fit: algorithm did not converge"
"2","Warning: glm.fit: fitted probabilities numerically 0 or 1 occurred"
"2","Warning: glm.fit: algorithm did not converge"
"2","Warning: glm.fit: fitted probabilities numerically 0 or 1 occurred"
"2","Warning: glm.fit: algorithm did not converge"
"2","Warning: glm.fit: fitted probabilities numerically 0 or 1 occurred"
"1","      "
"1"," Df"
"1","   Deviance"
"1"," AIC"
"1","
- Q22 "
"1","  1"
"1"," 1.6918e-09"
"1","  50"
"1","
- Q28 "
"1","  1"
"1"," 1.7060e-09"
"1","  50"
"1","
- Q2  "
"1","  1"
"1"," 1.7108e-09"
"1","  50"
"1","
- Q33 "
"1","  1"
"1"," 1.7313e-09"
"1","  50"
"1","
- Q45 "
"1","  1"
"1"," 1.7470e-09"
"1","  50"
"1","
- Q37 "
"1","  1"
"1"," 1.7520e-09"
"1","  50"
"1","
- Q49 "
"1","  1"
"1"," 1.7582e-09"
"1","  50"
"1","
- Q10 "
"1","  1"
"1"," 1.7717e-09"
"1","  50"
"1","
- Q11 "
"1","  1"
"1"," 1.7775e-09"
"1","  50"
"1","
- Q17 "
"1","  1"
"1"," 1.7804e-09"
"1","  50"
"1","
- Q39 "
"1","  1"
"1"," 1.7829e-09"
"1","  50"
"1","
- Q43 "
"1","  1"
"1"," 1.8662e-09"
"1","  50"
"1","
- Q23 "
"1","  1"
"1"," 1.8975e-09"
"1","  50"
"1","
- Q4  "
"1","  1"
"1"," 1.9031e-09"
"1","  50"
"1","
- Q54 "
"1","  1"
"1"," 1.9233e-09"
"1","  50"
"1","
- Q6  "
"1","  1"
"1"," 1.9270e-09"
"1","  50"
"1","
- Q14 "
"1","  1"
"1"," 1.9559e-09"
"1","  50"
"1","
- Q46 "
"1","  1"
"1"," 1.9744e-09"
"1","  50"
"1","
- Q26 "
"1","  1"
"1"," 1.9773e-09"
"1","  50"
"1","
- Q48 "
"1","  1"
"1"," 1.9891e-09"
"1","  50"
"1","
- Q47 "
"1","  1"
"1"," 2.0101e-09"
"1","  50"
"1","
- Q24 "
"1","  1"
"1"," 2.0361e-09"
"1","  50"
"1","
- Q12 "
"1","  1"
"1"," 2.0745e-09"
"1","  50"
"1","
- Q52 "
"1","  1"
"1"," 2.1030e-09"
"1","  50"
"1","
- Q40 "
"1","  1"
"1"," 3.0773e-09"
"1","  50"
"1","
<none>"
"1","   "
"1"," 1.6802e-09"
"1","  52"
"1","
"
"2","Warning: glm.fit: algorithm did not converge"
"2","Warning: glm.fit: fitted probabilities numerically 0 or 1 occurred"
"1","
Step:  AIC="
"1",""
"1","50"
"1",""
"1","
"
"1",""
"1","Divorce ~ Q2 + Q4 + Q6 + Q10 + Q11 + Q12 + Q14 + Q17 + Q23 + "
"1",""
"1","
    Q24 + Q26 + Q28 + Q33 + Q37 + Q39 + Q40 + Q43 + Q45 + Q46 + "
"1",""
"1","
    Q47 + Q48 + Q49 + Q52 + Q54"
"1",""
"1","

"
"2","Warning: glm.fit: algorithm did not converge"
"2","Warning: glm.fit: fitted probabilities numerically 0 or 1 occurred"
"2","Warning: glm.fit: algorithm did not converge"
"2","Warning: glm.fit: fitted probabilities numerically 0 or 1 occurred"
"2","Warning: glm.fit: algorithm did not converge"
"2","Warning: glm.fit: fitted probabilities numerically 0 or 1 occurred"
"2","Warning: glm.fit: algorithm did not converge"
"2","Warning: glm.fit: fitted probabilities numerically 0 or 1 occurred"
"2","Warning: glm.fit: algorithm did not converge"
"2","Warning: glm.fit: fitted probabilities numerically 0 or 1 occurred"
"2","Warning: glm.fit: algorithm did not converge"
"2","Warning: glm.fit: fitted probabilities numerically 0 or 1 occurred"
"2","Warning: glm.fit: algorithm did not converge"
"2","Warning: glm.fit: fitted probabilities numerically 0 or 1 occurred"
"2","Warning: glm.fit: algorithm did not converge"
"2","Warning: glm.fit: fitted probabilities numerically 0 or 1 occurred"
"2","Warning: glm.fit: algorithm did not converge"
"2","Warning: glm.fit: fitted probabilities numerically 0 or 1 occurred"
"2","Warning: glm.fit: algorithm did not converge"
"2","Warning: glm.fit: fitted probabilities numerically 0 or 1 occurred"
"2","Warning: glm.fit: algorithm did not converge"
"2","Warning: glm.fit: fitted probabilities numerically 0 or 1 occurred"
"2","Warning: glm.fit: algorithm did not converge"
"2","Warning: glm.fit: fitted probabilities numerically 0 or 1 occurred"
"2","Warning: glm.fit: algorithm did not converge"
"2","Warning: glm.fit: fitted probabilities numerically 0 or 1 occurred"
"2","Warning: glm.fit: algorithm did not converge"
"2","Warning: glm.fit: fitted probabilities numerically 0 or 1 occurred"
"2","Warning: glm.fit: algorithm did not converge"
"2","Warning: glm.fit: fitted probabilities numerically 0 or 1 occurred"
"2","Warning: glm.fit: algorithm did not converge"
"2","Warning: glm.fit: fitted probabilities numerically 0 or 1 occurred"
"2","Warning: glm.fit: algorithm did not converge"
"2","Warning: glm.fit: fitted probabilities numerically 0 or 1 occurred"
"2","Warning: glm.fit: algorithm did not converge"
"2","Warning: glm.fit: fitted probabilities numerically 0 or 1 occurred"
"2","Warning: glm.fit: algorithm did not converge"
"2","Warning: glm.fit: fitted probabilities numerically 0 or 1 occurred"
"2","Warning: glm.fit: algorithm did not converge"
"2","Warning: glm.fit: fitted probabilities numerically 0 or 1 occurred"
"2","Warning: glm.fit: algorithm did not converge"
"2","Warning: glm.fit: fitted probabilities numerically 0 or 1 occurred"
"2","Warning: glm.fit: algorithm did not converge"
"2","Warning: glm.fit: fitted probabilities numerically 0 or 1 occurred"
"2","Warning: glm.fit: algorithm did not converge"
"2","Warning: glm.fit: fitted probabilities numerically 0 or 1 occurred"
"2","Warning: glm.fit: algorithm did not converge"
"2","Warning: glm.fit: fitted probabilities numerically 0 or 1 occurred"
"1","      "
"1"," Df"
"1","   Deviance"
"1"," AIC"
"1","
- Q28 "
"1","  1"
"1"," 1.7076e-09"
"1","  48"
"1","
- Q2  "
"1","  1"
"1"," 1.7137e-09"
"1","  48"
"1","
- Q45 "
"1","  1"
"1"," 1.7530e-09"
"1","  48"
"1","
- Q37 "
"1","  1"
"1"," 1.7652e-09"
"1","  48"
"1","
- Q33 "
"1","  1"
"1"," 1.7732e-09"
"1","  48"
"1","
- Q39 "
"1","  1"
"1"," 1.7848e-09"
"1","  48"
"1","
- Q49 "
"1","  1"
"1"," 1.7947e-09"
"1","  48"
"1","
- Q17 "
"1","  1"
"1"," 1.8413e-09"
"1","  48"
"1","
- Q10 "
"1","  1"
"1"," 1.8656e-09"
"1","  48"
"1","
- Q43 "
"1","  1"
"1"," 1.8657e-09"
"1","  48"
"1","
- Q11 "
"1","  1"
"1"," 1.8847e-09"
"1","  48"
"1","
- Q4  "
"1","  1"
"1"," 1.9017e-09"
"1","  48"
"1","
- Q6  "
"1","  1"
"1"," 1.9412e-09"
"1","  48"
"1","
- Q14 "
"1","  1"
"1"," 1.9640e-09"
"1","  48"
"1","
- Q54 "
"1","  1"
"1"," 1.9698e-09"
"1","  48"
"1","
- Q26 "
"1","  1"
"1"," 1.9767e-09"
"1","  48"
"1","
- Q48 "
"1","  1"
"1"," 1.9892e-09"
"1","  48"
"1","
- Q23 "
"1","  1"
"1"," 2.0038e-09"
"1","  48"
"1","
- Q47 "
"1","  1"
"1"," 2.0138e-09"
"1","  48"
"1","
- Q46 "
"1","  1"
"1"," 2.0593e-09"
"1","  48"
"1","
- Q12 "
"1","  1"
"1"," 2.0875e-09"
"1","  48"
"1","
- Q52 "
"1","  1"
"1"," 2.1058e-09"
"1","  48"
"1","
- Q24 "
"1","  1"
"1"," 2.2063e-09"
"1","  48"
"1","
- Q40 "
"1","  1"
"1"," 3.1209e-09"
"1","  48"
"1","
<none>"
"1","   "
"1"," 1.6918e-09"
"1","  50"
"1","
"
"2","Warning: glm.fit: algorithm did not converge"
"2","Warning: glm.fit: fitted probabilities numerically 0 or 1 occurred"
"1","
Step:  AIC="
"1",""
"1","48"
"1",""
"1","
"
"1",""
"1","Divorce ~ Q2 + Q4 + Q6 + Q10 + Q11 + Q12 + Q14 + Q17 + Q23 + "
"1",""
"1","
    Q24 + Q26 + Q33 + Q37 + Q39 + Q40 + Q43 + Q45 + Q46 + Q47 + "
"1",""
"1","
    Q48 + Q49 + Q52 + Q54"
"1",""
"1","

"
"2","Warning: glm.fit: algorithm did not converge"
"2","Warning: glm.fit: fitted probabilities numerically 0 or 1 occurred"
"2","Warning: glm.fit: algorithm did not converge"
"2","Warning: glm.fit: fitted probabilities numerically 0 or 1 occurred"
"2","Warning: glm.fit: algorithm did not converge"
"2","Warning: glm.fit: fitted probabilities numerically 0 or 1 occurred"
"2","Warning: glm.fit: algorithm did not converge"
"2","Warning: glm.fit: fitted probabilities numerically 0 or 1 occurred"
"2","Warning: glm.fit: algorithm did not converge"
"2","Warning: glm.fit: fitted probabilities numerically 0 or 1 occurred"
"2","Warning: glm.fit: algorithm did not converge"
"2","Warning: glm.fit: fitted probabilities numerically 0 or 1 occurred"
"2","Warning: glm.fit: algorithm did not converge"
"2","Warning: glm.fit: fitted probabilities numerically 0 or 1 occurred"
"2","Warning: glm.fit: algorithm did not converge"
"2","Warning: glm.fit: fitted probabilities numerically 0 or 1 occurred"
"2","Warning: glm.fit: algorithm did not converge"
"2","Warning: glm.fit: fitted probabilities numerically 0 or 1 occurred"
"2","Warning: glm.fit: algorithm did not converge"
"2","Warning: glm.fit: fitted probabilities numerically 0 or 1 occurred"
"2","Warning: glm.fit: algorithm did not converge"
"2","Warning: glm.fit: fitted probabilities numerically 0 or 1 occurred"
"2","Warning: glm.fit: algorithm did not converge"
"2","Warning: glm.fit: fitted probabilities numerically 0 or 1 occurred"
"2","Warning: glm.fit: algorithm did not converge"
"2","Warning: glm.fit: fitted probabilities numerically 0 or 1 occurred"
"2","Warning: glm.fit: algorithm did not converge"
"2","Warning: glm.fit: fitted probabilities numerically 0 or 1 occurred"
"2","Warning: glm.fit: algorithm did not converge"
"2","Warning: glm.fit: fitted probabilities numerically 0 or 1 occurred"
"2","Warning: glm.fit: algorithm did not converge"
"2","Warning: glm.fit: fitted probabilities numerically 0 or 1 occurred"
"2","Warning: glm.fit: algorithm did not converge"
"2","Warning: glm.fit: fitted probabilities numerically 0 or 1 occurred"
"2","Warning: glm.fit: algorithm did not converge"
"2","Warning: glm.fit: fitted probabilities numerically 0 or 1 occurred"
"2","Warning: glm.fit: algorithm did not converge"
"2","Warning: glm.fit: fitted probabilities numerically 0 or 1 occurred"
"2","Warning: glm.fit: algorithm did not converge"
"2","Warning: glm.fit: fitted probabilities numerically 0 or 1 occurred"
"2","Warning: glm.fit: algorithm did not converge"
"2","Warning: glm.fit: fitted probabilities numerically 0 or 1 occurred"
"2","Warning: glm.fit: algorithm did not converge"
"2","Warning: glm.fit: fitted probabilities numerically 0 or 1 occurred"
"2","Warning: glm.fit: algorithm did not converge"
"2","Warning: glm.fit: fitted probabilities numerically 0 or 1 occurred"
"1","      "
"1"," Df"
"1","   Deviance"
"1"," AIC"
"1","
- Q2  "
"1","  1"
"1"," 1.7353e-09"
"1","  46"
"1","
- Q45 "
"1","  1"
"1"," 1.7653e-09"
"1","  46"
"1","
- Q33 "
"1","  1"
"1"," 1.7941e-09"
"1","  46"
"1","
- Q39 "
"1","  1"
"1"," 1.7993e-09"
"1","  46"
"1","
- Q49 "
"1","  1"
"1"," 1.8098e-09"
"1","  46"
"1","
- Q37 "
"1","  1"
"1"," 1.8110e-09"
"1","  46"
"1","
- Q17 "
"1","  1"
"1"," 1.8427e-09"
"1","  46"
"1","
- Q10 "
"1","  1"
"1"," 1.8648e-09"
"1","  46"
"1","
- Q11 "
"1","  1"
"1"," 1.8863e-09"
"1","  46"
"1","
- Q43 "
"1","  1"
"1"," 1.8934e-09"
"1","  46"
"1","
- Q6  "
"1","  1"
"1"," 1.9752e-09"
"1","  46"
"1","
- Q4  "
"1","  1"
"1"," 1.9909e-09"
"1","  46"
"1","
- Q47 "
"1","  1"
"1"," 2.0153e-09"
"1","  46"
"1","
- Q48 "
"1","  1"
"1"," 2.0200e-09"
"1","  46"
"1","
- Q23 "
"1","  1"
"1"," 2.0322e-09"
"1","  46"
"1","
- Q14 "
"1","  1"
"1"," 2.0445e-09"
"1","  46"
"1","
- Q46 "
"1","  1"
"1"," 2.0602e-09"
"1","  46"
"1","
- Q54 "
"1","  1"
"1"," 2.0605e-09"
"1","  46"
"1","
- Q52 "
"1","  1"
"1"," 2.1069e-09"
"1","  46"
"1","
- Q12 "
"1","  1"
"1"," 2.1483e-09"
"1","  46"
"1","
- Q26 "
"1","  1"
"1"," 2.2385e-09"
"1","  46"
"1","
- Q24 "
"1","  1"
"1"," 2.3178e-09"
"1","  46"
"1","
- Q40 "
"1","  1"
"1"," 3.1404e-09"
"1","  46"
"1","
<none>"
"1","   "
"1"," 1.7076e-09"
"1","  48"
"1","
"
"2","Warning: glm.fit: algorithm did not converge"
"2","Warning: glm.fit: fitted probabilities numerically 0 or 1 occurred"
"1","
Step:  AIC="
"1",""
"1","46"
"1",""
"1","
"
"1",""
"1","Divorce ~ Q4 + Q6 + Q10 + Q11 + Q12 + Q14 + Q17 + Q23 + Q24 + "
"1",""
"1","
    Q26 + Q33 + Q37 + Q39 + Q40 + Q43 + Q45 + Q46 + Q47 + Q48 + "
"1",""
"1","
    Q49 + Q52 + Q54"
"1",""
"1","

"
"2","Warning: glm.fit: algorithm did not converge"
"2","Warning: glm.fit: fitted probabilities numerically 0 or 1 occurred"
"2","Warning: glm.fit: algorithm did not converge"
"2","Warning: glm.fit: fitted probabilities numerically 0 or 1 occurred"
"2","Warning: glm.fit: algorithm did not converge"
"2","Warning: glm.fit: fitted probabilities numerically 0 or 1 occurred"
"2","Warning: glm.fit: algorithm did not converge"
"2","Warning: glm.fit: fitted probabilities numerically 0 or 1 occurred"
"2","Warning: glm.fit: algorithm did not converge"
"2","Warning: glm.fit: fitted probabilities numerically 0 or 1 occurred"
"2","Warning: glm.fit: algorithm did not converge"
"2","Warning: glm.fit: fitted probabilities numerically 0 or 1 occurred"
"2","Warning: glm.fit: algorithm did not converge"
"2","Warning: glm.fit: fitted probabilities numerically 0 or 1 occurred"
"2","Warning: glm.fit: algorithm did not converge"
"2","Warning: glm.fit: fitted probabilities numerically 0 or 1 occurred"
"2","Warning: glm.fit: algorithm did not converge"
"2","Warning: glm.fit: fitted probabilities numerically 0 or 1 occurred"
"2","Warning: glm.fit: algorithm did not converge"
"2","Warning: glm.fit: fitted probabilities numerically 0 or 1 occurred"
"2","Warning: glm.fit: algorithm did not converge"
"2","Warning: glm.fit: fitted probabilities numerically 0 or 1 occurred"
"2","Warning: glm.fit: algorithm did not converge"
"2","Warning: glm.fit: fitted probabilities numerically 0 or 1 occurred"
"2","Warning: glm.fit: algorithm did not converge"
"2","Warning: glm.fit: fitted probabilities numerically 0 or 1 occurred"
"2","Warning: glm.fit: algorithm did not converge"
"2","Warning: glm.fit: fitted probabilities numerically 0 or 1 occurred"
"2","Warning: glm.fit: algorithm did not converge"
"2","Warning: glm.fit: fitted probabilities numerically 0 or 1 occurred"
"2","Warning: glm.fit: algorithm did not converge"
"2","Warning: glm.fit: fitted probabilities numerically 0 or 1 occurred"
"2","Warning: glm.fit: algorithm did not converge"
"2","Warning: glm.fit: fitted probabilities numerically 0 or 1 occurred"
"2","Warning: glm.fit: algorithm did not converge"
"2","Warning: glm.fit: fitted probabilities numerically 0 or 1 occurred"
"2","Warning: glm.fit: algorithm did not converge"
"2","Warning: glm.fit: fitted probabilities numerically 0 or 1 occurred"
"2","Warning: glm.fit: algorithm did not converge"
"2","Warning: glm.fit: fitted probabilities numerically 0 or 1 occurred"
"2","Warning: glm.fit: algorithm did not converge"
"2","Warning: glm.fit: fitted probabilities numerically 0 or 1 occurred"
"2","Warning: glm.fit: algorithm did not converge"
"2","Warning: glm.fit: fitted probabilities numerically 0 or 1 occurred"
"1","      "
"1"," Df"
"1","   Deviance"
"1"," AIC"
"1","
- Q45 "
"1","  1"
"1"," 1.7825e-09"
"1","  44"
"1","
- Q33 "
"1","  1"
"1"," 1.8182e-09"
"1","  44"
"1","
- Q39 "
"1","  1"
"1"," 1.8202e-09"
"1","  44"
"1","
- Q37 "
"1","  1"
"1"," 1.8263e-09"
"1","  44"
"1","
- Q10 "
"1","  1"
"1"," 1.8731e-09"
"1","  44"
"1","
- Q49 "
"1","  1"
"1"," 1.8770e-09"
"1","  44"
"1","
- Q17 "
"1","  1"
"1"," 1.9039e-09"
"1","  44"
"1","
- Q11 "
"1","  1"
"1"," 1.9065e-09"
"1","  44"
"1","
- Q43 "
"1","  1"
"1"," 1.9431e-09"
"1","  44"
"1","
- Q4  "
"1","  1"
"1"," 1.9993e-09"
"1","  44"
"1","
- Q47 "
"1","  1"
"1"," 2.0195e-09"
"1","  44"
"1","
- Q48 "
"1","  1"
"1"," 2.0197e-09"
"1","  44"
"1","
- Q6  "
"1","  1"
"1"," 2.0239e-09"
"1","  44"
"1","
- Q52 "
"1","  1"
"1"," 2.1253e-09"
"1","  44"
"1","
- Q46 "
"1","  1"
"1"," 2.1254e-09"
"1","  44"
"1","
- Q23 "
"1","  1"
"1"," 2.1273e-09"
"1","  44"
"1","
- Q54 "
"1","  1"
"1"," 2.1452e-09"
"1","  44"
"1","
- Q12 "
"1","  1"
"1"," 2.2107e-09"
"1","  44"
"1","
- Q26 "
"1","  1"
"1"," 2.2553e-09"
"1","  44"
"1","
- Q14 "
"1","  1"
"1"," 2.2772e-09"
"1","  44"
"1","
- Q24 "
"1","  1"
"1"," 2.3250e-09"
"1","  44"
"1","
- Q40 "
"1","  1"
"1"," 3.2075e-09"
"1","  44"
"1","
<none>"
"1","   "
"1"," 1.7353e-09"
"1","  46"
"1","
"
"2","Warning: glm.fit: algorithm did not converge"
"2","Warning: glm.fit: fitted probabilities numerically 0 or 1 occurred"
"1","
Step:  AIC="
"1",""
"1","44"
"1",""
"1","
"
"1",""
"1","Divorce ~ Q4 + Q6 + Q10 + Q11 + Q12 + Q14 + Q17 + Q23 + Q24 + "
"1",""
"1","
    Q26 + Q33 + Q37 + Q39 + Q40 + Q43 + Q46 + Q47 + Q48 + Q49 + "
"1",""
"1","
    Q52 + Q54"
"1",""
"1","

"
"2","Warning: glm.fit: algorithm did not converge"
"2","Warning: glm.fit: fitted probabilities numerically 0 or 1 occurred"
"2","Warning: glm.fit: algorithm did not converge"
"2","Warning: glm.fit: fitted probabilities numerically 0 or 1 occurred"
"2","Warning: glm.fit: algorithm did not converge"
"2","Warning: glm.fit: fitted probabilities numerically 0 or 1 occurred"
"2","Warning: glm.fit: algorithm did not converge"
"2","Warning: glm.fit: fitted probabilities numerically 0 or 1 occurred"
"2","Warning: glm.fit: algorithm did not converge"
"2","Warning: glm.fit: fitted probabilities numerically 0 or 1 occurred"
"2","Warning: glm.fit: algorithm did not converge"
"2","Warning: glm.fit: fitted probabilities numerically 0 or 1 occurred"
"2","Warning: glm.fit: algorithm did not converge"
"2","Warning: glm.fit: fitted probabilities numerically 0 or 1 occurred"
"2","Warning: glm.fit: algorithm did not converge"
"2","Warning: glm.fit: fitted probabilities numerically 0 or 1 occurred"
"2","Warning: glm.fit: algorithm did not converge"
"2","Warning: glm.fit: fitted probabilities numerically 0 or 1 occurred"
"2","Warning: glm.fit: algorithm did not converge"
"2","Warning: glm.fit: fitted probabilities numerically 0 or 1 occurred"
"2","Warning: glm.fit: algorithm did not converge"
"2","Warning: glm.fit: fitted probabilities numerically 0 or 1 occurred"
"2","Warning: glm.fit: algorithm did not converge"
"2","Warning: glm.fit: fitted probabilities numerically 0 or 1 occurred"
"2","Warning: glm.fit: algorithm did not converge"
"2","Warning: glm.fit: fitted probabilities numerically 0 or 1 occurred"
"2","Warning: glm.fit: algorithm did not converge"
"2","Warning: glm.fit: fitted probabilities numerically 0 or 1 occurred"
"2","Warning: glm.fit: algorithm did not converge"
"2","Warning: glm.fit: fitted probabilities numerically 0 or 1 occurred"
"2","Warning: glm.fit: algorithm did not converge"
"2","Warning: glm.fit: fitted probabilities numerically 0 or 1 occurred"
"2","Warning: glm.fit: algorithm did not converge"
"2","Warning: glm.fit: fitted probabilities numerically 0 or 1 occurred"
"2","Warning: glm.fit: algorithm did not converge"
"2","Warning: glm.fit: fitted probabilities numerically 0 or 1 occurred"
"2","Warning: glm.fit: algorithm did not converge"
"2","Warning: glm.fit: fitted probabilities numerically 0 or 1 occurred"
"2","Warning: glm.fit: algorithm did not converge"
"2","Warning: glm.fit: fitted probabilities numerically 0 or 1 occurred"
"2","Warning: glm.fit: algorithm did not converge"
"2","Warning: glm.fit: fitted probabilities numerically 0 or 1 occurred"
"1","      "
"1"," Df"
"1","   Deviance"
"1"," AIC"
"1","
- Q33 "
"1","  1"
"1"," 1.8244e-09"
"1","  42"
"1","
- Q39 "
"1","  1"
"1"," 1.8346e-09"
"1","  42"
"1","
- Q37 "
"1","  1"
"1"," 1.8583e-09"
"1","  42"
"1","
- Q49 "
"1","  1"
"1"," 1.9020e-09"
"1","  42"
"1","
- Q11 "
"1","  1"
"1"," 1.9069e-09"
"1","  42"
"1","
- Q17 "
"1","  1"
"1"," 1.9127e-09"
"1","  42"
"1","
- Q10 "
"1","  1"
"1"," 1.9152e-09"
"1","  42"
"1","
- Q43 "
"1","  1"
"1"," 1.9570e-09"
"1","  42"
"1","
- Q6  "
"1","  1"
"1"," 2.0407e-09"
"1","  42"
"1","
- Q4  "
"1","  1"
"1"," 2.1080e-09"
"1","  42"
"1","
- Q23 "
"1","  1"
"1"," 2.1347e-09"
"1","  42"
"1","
- Q48 "
"1","  1"
"1"," 2.1416e-09"
"1","  42"
"1","
- Q47 "
"1","  1"
"1"," 2.1449e-09"
"1","  42"
"1","
- Q52 "
"1","  1"
"1"," 2.2022e-09"
"1","  42"
"1","
- Q46 "
"1","  1"
"1"," 2.2271e-09"
"1","  42"
"1","
- Q54 "
"1","  1"
"1"," 2.2478e-09"
"1","  42"
"1","
- Q12 "
"1","  1"
"1"," 2.2976e-09"
"1","  42"
"1","
- Q14 "
"1","  1"
"1"," 2.3333e-09"
"1","  42"
"1","
- Q26 "
"1","  1"
"1"," 2.3605e-09"
"1","  42"
"1","
- Q24 "
"1","  1"
"1"," 2.3893e-09"
"1","  42"
"1","
- Q40 "
"1","  1"
"1"," 3.5586e-09"
"1","  42"
"1","
<none>"
"1","   "
"1"," 1.7825e-09"
"1","  44"
"1","
"
"2","Warning: glm.fit: algorithm did not converge"
"2","Warning: glm.fit: fitted probabilities numerically 0 or 1 occurred"
"1","
Step:  AIC="
"1",""
"1","42"
"1",""
"1","
"
"1",""
"1","Divorce ~ Q4 + Q6 + Q10 + Q11 + Q12 + Q14 + Q17 + Q23 + Q24 + "
"1",""
"1","
    Q26 + Q37 + Q39 + Q40 + Q43 + Q46 + Q47 + Q48 + Q49 + Q52 + "
"1",""
"1","
    Q54"
"1",""
"1","

"
"2","Warning: glm.fit: algorithm did not converge"
"2","Warning: glm.fit: fitted probabilities numerically 0 or 1 occurred"
"2","Warning: glm.fit: algorithm did not converge"
"2","Warning: glm.fit: fitted probabilities numerically 0 or 1 occurred"
"2","Warning: glm.fit: algorithm did not converge"
"2","Warning: glm.fit: fitted probabilities numerically 0 or 1 occurred"
"2","Warning: glm.fit: algorithm did not converge"
"2","Warning: glm.fit: fitted probabilities numerically 0 or 1 occurred"
"2","Warning: glm.fit: algorithm did not converge"
"2","Warning: glm.fit: fitted probabilities numerically 0 or 1 occurred"
"2","Warning: glm.fit: algorithm did not converge"
"2","Warning: glm.fit: fitted probabilities numerically 0 or 1 occurred"
"2","Warning: glm.fit: algorithm did not converge"
"2","Warning: glm.fit: fitted probabilities numerically 0 or 1 occurred"
"2","Warning: glm.fit: algorithm did not converge"
"2","Warning: glm.fit: fitted probabilities numerically 0 or 1 occurred"
"2","Warning: glm.fit: algorithm did not converge"
"2","Warning: glm.fit: fitted probabilities numerically 0 or 1 occurred"
"2","Warning: glm.fit: algorithm did not converge"
"2","Warning: glm.fit: fitted probabilities numerically 0 or 1 occurred"
"2","Warning: glm.fit: algorithm did not converge"
"2","Warning: glm.fit: fitted probabilities numerically 0 or 1 occurred"
"2","Warning: glm.fit: algorithm did not converge"
"2","Warning: glm.fit: fitted probabilities numerically 0 or 1 occurred"
"2","Warning: glm.fit: algorithm did not converge"
"2","Warning: glm.fit: fitted probabilities numerically 0 or 1 occurred"
"2","Warning: glm.fit: algorithm did not converge"
"2","Warning: glm.fit: fitted probabilities numerically 0 or 1 occurred"
"2","Warning: glm.fit: algorithm did not converge"
"2","Warning: glm.fit: fitted probabilities numerically 0 or 1 occurred"
"2","Warning: glm.fit: algorithm did not converge"
"2","Warning: glm.fit: fitted probabilities numerically 0 or 1 occurred"
"2","Warning: glm.fit: algorithm did not converge"
"2","Warning: glm.fit: fitted probabilities numerically 0 or 1 occurred"
"2","Warning: glm.fit: algorithm did not converge"
"2","Warning: glm.fit: fitted probabilities numerically 0 or 1 occurred"
"2","Warning: glm.fit: algorithm did not converge"
"2","Warning: glm.fit: fitted probabilities numerically 0 or 1 occurred"
"2","Warning: glm.fit: algorithm did not converge"
"2","Warning: glm.fit: fitted probabilities numerically 0 or 1 occurred"
"1","      "
"1"," Df"
"1","   Deviance"
"1"," AIC"
"1","
- Q37 "
"1","  1"
"1"," 1.8795e-09"
"1","  40"
"1","
- Q11 "
"1","  1"
"1"," 1.9069e-09"
"1","  40"
"1","
- Q43 "
"1","  1"
"1"," 1.9652e-09"
"1","  40"
"1","
- Q39 "
"1","  1"
"1"," 1.9787e-09"
"1","  40"
"1","
- Q10 "
"1","  1"
"1"," 2.0022e-09"
"1","  40"
"1","
- Q6  "
"1","  1"
"1"," 2.0609e-09"
"1","  40"
"1","
- Q49 "
"1","  1"
"1"," 2.0676e-09"
"1","  40"
"1","
- Q17 "
"1","  1"
"1"," 2.1183e-09"
"1","  40"
"1","
- Q4  "
"1","  1"
"1"," 2.1663e-09"
"1","  40"
"1","
- Q23 "
"1","  1"
"1"," 2.1791e-09"
"1","  40"
"1","
- Q52 "
"1","  1"
"1"," 2.1988e-09"
"1","  40"
"1","
- Q48 "
"1","  1"
"1"," 2.2288e-09"
"1","  40"
"1","
- Q54 "
"1","  1"
"1"," 2.2477e-09"
"1","  40"
"1","
- Q47 "
"1","  1"
"1"," 2.2935e-09"
"1","  40"
"1","
- Q14 "
"1","  1"
"1"," 2.3334e-09"
"1","  40"
"1","
- Q12 "
"1","  1"
"1"," 2.3526e-09"
"1","  40"
"1","
- Q26 "
"1","  1"
"1"," 2.3853e-09"
"1","  40"
"1","
- Q24 "
"1","  1"
"1"," 2.4071e-09"
"1","  40"
"1","
- Q46 "
"1","  1"
"1"," 2.4457e-09"
"1","  40"
"1","
- Q40 "
"1","  1"
"1"," 4.2252e-09"
"1","  40"
"1","
<none>"
"1","   "
"1"," 1.8244e-09"
"1","  42"
"1","
"
"2","Warning: glm.fit: algorithm did not converge"
"2","Warning: glm.fit: fitted probabilities numerically 0 or 1 occurred"
"1","
Step:  AIC="
"1",""
"1","40"
"1",""
"1","
"
"1",""
"1","Divorce ~ Q4 + Q6 + Q10 + Q11 + Q12 + Q14 + Q17 + Q23 + Q24 + "
"1",""
"1","
    Q26 + Q39 + Q40 + Q43 + Q46 + Q47 + Q48 + Q49 + Q52 + Q54"
"1",""
"1","

"
"2","Warning: glm.fit: algorithm did not converge"
"2","Warning: glm.fit: fitted probabilities numerically 0 or 1 occurred"
"2","Warning: glm.fit: algorithm did not converge"
"2","Warning: glm.fit: fitted probabilities numerically 0 or 1 occurred"
"2","Warning: glm.fit: algorithm did not converge"
"2","Warning: glm.fit: fitted probabilities numerically 0 or 1 occurred"
"2","Warning: glm.fit: algorithm did not converge"
"2","Warning: glm.fit: fitted probabilities numerically 0 or 1 occurred"
"2","Warning: glm.fit: algorithm did not converge"
"2","Warning: glm.fit: fitted probabilities numerically 0 or 1 occurred"
"2","Warning: glm.fit: algorithm did not converge"
"2","Warning: glm.fit: fitted probabilities numerically 0 or 1 occurred"
"2","Warning: glm.fit: algorithm did not converge"
"2","Warning: glm.fit: fitted probabilities numerically 0 or 1 occurred"
"2","Warning: glm.fit: algorithm did not converge"
"2","Warning: glm.fit: fitted probabilities numerically 0 or 1 occurred"
"2","Warning: glm.fit: algorithm did not converge"
"2","Warning: glm.fit: fitted probabilities numerically 0 or 1 occurred"
"2","Warning: glm.fit: algorithm did not converge"
"2","Warning: glm.fit: fitted probabilities numerically 0 or 1 occurred"
"2","Warning: glm.fit: algorithm did not converge"
"2","Warning: glm.fit: fitted probabilities numerically 0 or 1 occurred"
"2","Warning: glm.fit: algorithm did not converge"
"2","Warning: glm.fit: fitted probabilities numerically 0 or 1 occurred"
"2","Warning: glm.fit: algorithm did not converge"
"2","Warning: glm.fit: fitted probabilities numerically 0 or 1 occurred"
"2","Warning: glm.fit: algorithm did not converge"
"2","Warning: glm.fit: fitted probabilities numerically 0 or 1 occurred"
"2","Warning: glm.fit: algorithm did not converge"
"2","Warning: glm.fit: fitted probabilities numerically 0 or 1 occurred"
"2","Warning: glm.fit: algorithm did not converge"
"2","Warning: glm.fit: fitted probabilities numerically 0 or 1 occurred"
"2","Warning: glm.fit: algorithm did not converge"
"2","Warning: glm.fit: fitted probabilities numerically 0 or 1 occurred"
"2","Warning: glm.fit: algorithm did not converge"
"2","Warning: glm.fit: fitted probabilities numerically 0 or 1 occurred"
"2","Warning: glm.fit: algorithm did not converge"
"2","Warning: glm.fit: fitted probabilities numerically 0 or 1 occurred"
"1","      "
"1"," Df"
"1","   Deviance"
"1"," AIC"
"1","
- Q11 "
"1","  1"
"1"," 1.9295e-09"
"1","  38"
"1","
- Q39 "
"1","  1"
"1"," 2.0196e-09"
"1","  38"
"1","
- Q43 "
"1","  1"
"1"," 2.0211e-09"
"1","  38"
"1","
- Q10 "
"1","  1"
"1"," 2.0582e-09"
"1","  38"
"1","
- Q49 "
"1","  1"
"1"," 2.0673e-09"
"1","  38"
"1","
- Q6  "
"1","  1"
"1"," 2.0733e-09"
"1","  38"
"1","
- Q4  "
"1","  1"
"1"," 2.1776e-09"
"1","  38"
"1","
- Q17 "
"1","  1"
"1"," 2.1779e-09"
"1","  38"
"1","
- Q48 "
"1","  1"
"1"," 2.2536e-09"
"1","  38"
"1","
- Q47 "
"1","  1"
"1"," 2.3065e-09"
"1","  38"
"1","
- Q14 "
"1","  1"
"1"," 2.3403e-09"
"1","  38"
"1","
- Q23 "
"1","  1"
"1"," 2.3452e-09"
"1","  38"
"1","
- Q52 "
"1","  1"
"1"," 2.3710e-09"
"1","  38"
"1","
- Q12 "
"1","  1"
"1"," 2.3833e-09"
"1","  38"
"1","
- Q24 "
"1","  1"
"1"," 2.4433e-09"
"1","  38"
"1","
- Q46 "
"1","  1"
"1"," 2.4511e-09"
"1","  38"
"1","
- Q54 "
"1","  1"
"1"," 2.4670e-09"
"1","  38"
"1","
- Q26 "
"1","  1"
"1"," 2.5435e-09"
"1","  38"
"1","
- Q40 "
"1","  1"
"1"," 4.6526e-09"
"1","  38"
"1","
<none>"
"1","   "
"1"," 1.8795e-09"
"1","  40"
"1","
"
"2","Warning: glm.fit: algorithm did not converge"
"2","Warning: glm.fit: fitted probabilities numerically 0 or 1 occurred"
"1","
Step:  AIC="
"1",""
"1","38"
"1",""
"1","
"
"1",""
"1","Divorce ~ Q4 + Q6 + Q10 + Q12 + Q14 + Q17 + Q23 + Q24 + Q26 + "
"1",""
"1","
    Q39 + Q40 + Q43 + Q46 + Q47 + Q48 + Q49 + Q52 + Q54"
"1",""
"1","

"
"2","Warning: glm.fit: algorithm did not converge"
"2","Warning: glm.fit: fitted probabilities numerically 0 or 1 occurred"
"2","Warning: glm.fit: algorithm did not converge"
"2","Warning: glm.fit: fitted probabilities numerically 0 or 1 occurred"
"2","Warning: glm.fit: algorithm did not converge"
"2","Warning: glm.fit: fitted probabilities numerically 0 or 1 occurred"
"2","Warning: glm.fit: algorithm did not converge"
"2","Warning: glm.fit: fitted probabilities numerically 0 or 1 occurred"
"2","Warning: glm.fit: algorithm did not converge"
"2","Warning: glm.fit: fitted probabilities numerically 0 or 1 occurred"
"2","Warning: glm.fit: algorithm did not converge"
"2","Warning: glm.fit: fitted probabilities numerically 0 or 1 occurred"
"2","Warning: glm.fit: algorithm did not converge"
"2","Warning: glm.fit: fitted probabilities numerically 0 or 1 occurred"
"2","Warning: glm.fit: algorithm did not converge"
"2","Warning: glm.fit: fitted probabilities numerically 0 or 1 occurred"
"2","Warning: glm.fit: algorithm did not converge"
"2","Warning: glm.fit: fitted probabilities numerically 0 or 1 occurred"
"2","Warning: glm.fit: algorithm did not converge"
"2","Warning: glm.fit: fitted probabilities numerically 0 or 1 occurred"
"2","Warning: glm.fit: algorithm did not converge"
"2","Warning: glm.fit: fitted probabilities numerically 0 or 1 occurred"
"2","Warning: glm.fit: algorithm did not converge"
"2","Warning: glm.fit: fitted probabilities numerically 0 or 1 occurred"
"2","Warning: glm.fit: algorithm did not converge"
"2","Warning: glm.fit: fitted probabilities numerically 0 or 1 occurred"
"2","Warning: glm.fit: algorithm did not converge"
"2","Warning: glm.fit: fitted probabilities numerically 0 or 1 occurred"
"2","Warning: glm.fit: algorithm did not converge"
"2","Warning: glm.fit: fitted probabilities numerically 0 or 1 occurred"
"2","Warning: glm.fit: algorithm did not converge"
"2","Warning: glm.fit: fitted probabilities numerically 0 or 1 occurred"
"2","Warning: glm.fit: algorithm did not converge"
"2","Warning: glm.fit: fitted probabilities numerically 0 or 1 occurred"
"2","Warning: glm.fit: algorithm did not converge"
"2","Warning: glm.fit: fitted probabilities numerically 0 or 1 occurred"
"1","      "
"1"," Df"
"1","   Deviance"
"1"," AIC"
"1","
- Q10 "
"1","  1"
"1"," 2.0692e-09"
"1","  36"
"1","
- Q39 "
"1","  1"
"1"," 2.0774e-09"
"1","  36"
"1","
- Q43 "
"1","  1"
"1"," 2.1165e-09"
"1","  36"
"1","
- Q49 "
"1","  1"
"1"," 2.1241e-09"
"1","  36"
"1","
- Q6  "
"1","  1"
"1"," 2.1916e-09"
"1","  36"
"1","
- Q4  "
"1","  1"
"1"," 2.2239e-09"
"1","  36"
"1","
- Q48 "
"1","  1"
"1"," 2.2888e-09"
"1","  36"
"1","
- Q47 "
"1","  1"
"1"," 2.3052e-09"
"1","  36"
"1","
- Q23 "
"1","  1"
"1"," 2.3801e-09"
"1","  36"
"1","
- Q24 "
"1","  1"
"1"," 2.4467e-09"
"1","  36"
"1","
- Q12 "
"1","  1"
"1"," 2.4865e-09"
"1","  36"
"1","
- Q17 "
"1","  1"
"1"," 2.5043e-09"
"1","  36"
"1","
- Q26 "
"1","  1"
"1"," 2.5551e-09"
"1","  36"
"1","
- Q52 "
"1","  1"
"1"," 2.5666e-09"
"1","  36"
"1","
- Q46 "
"1","  1"
"1"," 2.6186e-09"
"1","  36"
"1","
- Q54 "
"1","  1"
"1"," 2.6599e-09"
"1","  36"
"1","
- Q14 "
"1","  1"
"1"," 2.7926e-09"
"1","  36"
"1","
- Q40 "
"1","  1"
"1"," 4.8029e-09"
"1","  36"
"1","
<none>"
"1","   "
"1"," 1.9295e-09"
"1","  38"
"1","
"
"2","Warning: glm.fit: algorithm did not converge"
"2","Warning: glm.fit: fitted probabilities numerically 0 or 1 occurred"
"1","
Step:  AIC="
"1",""
"1","36"
"1",""
"1","
"
"1",""
"1","Divorce ~ Q4 + Q6 + Q12 + Q14 + Q17 + Q23 + Q24 + Q26 + Q39 + "
"1",""
"1","
    Q40 + Q43 + Q46 + Q47 + Q48 + Q49 + Q52 + Q54"
"1",""
"1","

"
"2","Warning: glm.fit: algorithm did not converge"
"2","Warning: glm.fit: fitted probabilities numerically 0 or 1 occurred"
"2","Warning: glm.fit: algorithm did not converge"
"2","Warning: glm.fit: fitted probabilities numerically 0 or 1 occurred"
"2","Warning: glm.fit: algorithm did not converge"
"2","Warning: glm.fit: fitted probabilities numerically 0 or 1 occurred"
"2","Warning: glm.fit: algorithm did not converge"
"2","Warning: glm.fit: fitted probabilities numerically 0 or 1 occurred"
"2","Warning: glm.fit: algorithm did not converge"
"2","Warning: glm.fit: fitted probabilities numerically 0 or 1 occurred"
"2","Warning: glm.fit: algorithm did not converge"
"2","Warning: glm.fit: fitted probabilities numerically 0 or 1 occurred"
"2","Warning: glm.fit: algorithm did not converge"
"2","Warning: glm.fit: fitted probabilities numerically 0 or 1 occurred"
"2","Warning: glm.fit: algorithm did not converge"
"2","Warning: glm.fit: fitted probabilities numerically 0 or 1 occurred"
"2","Warning: glm.fit: algorithm did not converge"
"2","Warning: glm.fit: fitted probabilities numerically 0 or 1 occurred"
"2","Warning: glm.fit: algorithm did not converge"
"2","Warning: glm.fit: fitted probabilities numerically 0 or 1 occurred"
"2","Warning: glm.fit: algorithm did not converge"
"2","Warning: glm.fit: fitted probabilities numerically 0 or 1 occurred"
"2","Warning: glm.fit: algorithm did not converge"
"2","Warning: glm.fit: fitted probabilities numerically 0 or 1 occurred"
"2","Warning: glm.fit: algorithm did not converge"
"2","Warning: glm.fit: fitted probabilities numerically 0 or 1 occurred"
"2","Warning: glm.fit: algorithm did not converge"
"2","Warning: glm.fit: fitted probabilities numerically 0 or 1 occurred"
"2","Warning: glm.fit: algorithm did not converge"
"2","Warning: glm.fit: fitted probabilities numerically 0 or 1 occurred"
"2","Warning: glm.fit: algorithm did not converge"
"2","Warning: glm.fit: fitted probabilities numerically 0 or 1 occurred"
"2","Warning: glm.fit: algorithm did not converge"
"2","Warning: glm.fit: fitted probabilities numerically 0 or 1 occurred"
"1","      "
"1"," Df"
"1","   Deviance"
"1"," AIC"
"1","
- Q39 "
"1","  1"
"1"," 2.1019e-09"
"1","  34"
"1","
- Q43 "
"1","  1"
"1"," 2.1180e-09"
"1","  34"
"1","
- Q6  "
"1","  1"
"1"," 2.2112e-09"
"1","  34"
"1","
- Q4  "
"1","  1"
"1"," 2.2239e-09"
"1","  34"
"1","
- Q48 "
"1","  1"
"1"," 2.2899e-09"
"1","  34"
"1","
- Q49 "
"1","  1"
"1"," 2.2928e-09"
"1","  34"
"1","
- Q47 "
"1","  1"
"1"," 2.3221e-09"
"1","  34"
"1","
- Q23 "
"1","  1"
"1"," 2.3924e-09"
"1","  34"
"1","
- Q24 "
"1","  1"
"1"," 2.5427e-09"
"1","  34"
"1","
- Q17 "
"1","  1"
"1"," 2.5496e-09"
"1","  34"
"1","
- Q26 "
"1","  1"
"1"," 2.6224e-09"
"1","  34"
"1","
- Q52 "
"1","  1"
"1"," 2.6578e-09"
"1","  34"
"1","
- Q46 "
"1","  1"
"1"," 2.6776e-09"
"1","  34"
"1","
- Q12 "
"1","  1"
"1"," 2.6811e-09"
"1","  34"
"1","
- Q14 "
"1","  1"
"1"," 2.9261e-09"
"1","  34"
"1","
- Q54 "
"1","  1"
"1"," 2.9459e-09"
"1","  34"
"1","
- Q40 "
"1","  1"
"1"," 4.8293e-09"
"1","  34"
"1","
<none>"
"1","   "
"1"," 2.0692e-09"
"1","  36"
"1","
"
"2","Warning: glm.fit: algorithm did not converge"
"2","Warning: glm.fit: fitted probabilities numerically 0 or 1 occurred"
"1","
Step:  AIC="
"1",""
"1","34"
"1",""
"1","
"
"1",""
"1","Divorce ~ Q4 + Q6 + Q12 + Q14 + Q17 + Q23 + Q24 + Q26 + Q40 + "
"1",""
"1","
    Q43 + Q46 + Q47 + Q48 + Q49 + Q52 + Q54"
"1",""
"1","

"
"2","Warning: glm.fit: algorithm did not converge"
"2","Warning: glm.fit: fitted probabilities numerically 0 or 1 occurred"
"2","Warning: glm.fit: algorithm did not converge"
"2","Warning: glm.fit: fitted probabilities numerically 0 or 1 occurred"
"2","Warning: glm.fit: algorithm did not converge"
"2","Warning: glm.fit: fitted probabilities numerically 0 or 1 occurred"
"2","Warning: glm.fit: algorithm did not converge"
"2","Warning: glm.fit: fitted probabilities numerically 0 or 1 occurred"
"2","Warning: glm.fit: algorithm did not converge"
"2","Warning: glm.fit: fitted probabilities numerically 0 or 1 occurred"
"2","Warning: glm.fit: algorithm did not converge"
"2","Warning: glm.fit: fitted probabilities numerically 0 or 1 occurred"
"2","Warning: glm.fit: algorithm did not converge"
"2","Warning: glm.fit: fitted probabilities numerically 0 or 1 occurred"
"2","Warning: glm.fit: algorithm did not converge"
"2","Warning: glm.fit: fitted probabilities numerically 0 or 1 occurred"
"2","Warning: glm.fit: algorithm did not converge"
"2","Warning: glm.fit: fitted probabilities numerically 0 or 1 occurred"
"2","Warning: glm.fit: algorithm did not converge"
"2","Warning: glm.fit: fitted probabilities numerically 0 or 1 occurred"
"2","Warning: glm.fit: algorithm did not converge"
"2","Warning: glm.fit: fitted probabilities numerically 0 or 1 occurred"
"2","Warning: glm.fit: algorithm did not converge"
"2","Warning: glm.fit: fitted probabilities numerically 0 or 1 occurred"
"2","Warning: glm.fit: algorithm did not converge"
"2","Warning: glm.fit: fitted probabilities numerically 0 or 1 occurred"
"2","Warning: glm.fit: algorithm did not converge"
"2","Warning: glm.fit: fitted probabilities numerically 0 or 1 occurred"
"2","Warning: glm.fit: algorithm did not converge"
"2","Warning: glm.fit: fitted probabilities numerically 0 or 1 occurred"
"2","Warning: glm.fit: algorithm did not converge"
"2","Warning: glm.fit: fitted probabilities numerically 0 or 1 occurred"
"1","      "
"1"," Df"
"1","   Deviance"
"1"," AIC"
"1","
- Q43 "
"1","  1"
"1"," 2.1393e-09"
"1","  32"
"1","
- Q6  "
"1","  1"
"1"," 2.2285e-09"
"1","  32"
"1","
- Q4  "
"1","  1"
"1"," 2.2720e-09"
"1","  32"
"1","
- Q48 "
"1","  1"
"1"," 2.2885e-09"
"1","  32"
"1","
- Q49 "
"1","  1"
"1"," 2.2948e-09"
"1","  32"
"1","
- Q47 "
"1","  1"
"1"," 2.3868e-09"
"1","  32"
"1","
- Q17 "
"1","  1"
"1"," 2.5474e-09"
"1","  32"
"1","
- Q24 "
"1","  1"
"1"," 2.5872e-09"
"1","  32"
"1","
- Q23 "
"1","  1"
"1"," 2.6032e-09"
"1","  32"
"1","
- Q26 "
"1","  1"
"1"," 2.6318e-09"
"1","  32"
"1","
- Q46 "
"1","  1"
"1"," 2.6779e-09"
"1","  32"
"1","
- Q52 "
"1","  1"
"1"," 2.6803e-09"
"1","  32"
"1","
- Q12 "
"1","  1"
"1"," 2.6836e-09"
"1","  32"
"1","
- Q54 "
"1","  1"
"1"," 2.9881e-09"
"1","  32"
"1","
- Q14 "
"1","  1"
"1"," 3.0246e-09"
"1","  32"
"1","
- Q40 "
"1","  1"
"1"," 7.1107e-09"
"1","  32"
"1","
<none>"
"1","   "
"1"," 2.1019e-09"
"1","  34"
"1","
"
"2","Warning: glm.fit: algorithm did not converge"
"2","Warning: glm.fit: fitted probabilities numerically 0 or 1 occurred"
"1","
Step:  AIC="
"1",""
"1","32"
"1",""
"1","
"
"1",""
"1","Divorce ~ Q4 + Q6 + Q12 + Q14 + Q17 + Q23 + Q24 + Q26 + Q40 + "
"1",""
"1","
    Q46 + Q47 + Q48 + Q49 + Q52 + Q54"
"1",""
"1","

"
"2","Warning: glm.fit: algorithm did not converge"
"2","Warning: glm.fit: fitted probabilities numerically 0 or 1 occurred"
"2","Warning: glm.fit: algorithm did not converge"
"2","Warning: glm.fit: fitted probabilities numerically 0 or 1 occurred"
"2","Warning: glm.fit: algorithm did not converge"
"2","Warning: glm.fit: fitted probabilities numerically 0 or 1 occurred"
"2","Warning: glm.fit: algorithm did not converge"
"2","Warning: glm.fit: fitted probabilities numerically 0 or 1 occurred"
"2","Warning: glm.fit: algorithm did not converge"
"2","Warning: glm.fit: fitted probabilities numerically 0 or 1 occurred"
"2","Warning: glm.fit: algorithm did not converge"
"2","Warning: glm.fit: fitted probabilities numerically 0 or 1 occurred"
"2","Warning: glm.fit: algorithm did not converge"
"2","Warning: glm.fit: fitted probabilities numerically 0 or 1 occurred"
"2","Warning: glm.fit: algorithm did not converge"
"2","Warning: glm.fit: fitted probabilities numerically 0 or 1 occurred"
"2","Warning: glm.fit: algorithm did not converge"
"2","Warning: glm.fit: fitted probabilities numerically 0 or 1 occurred"
"2","Warning: glm.fit: algorithm did not converge"
"2","Warning: glm.fit: fitted probabilities numerically 0 or 1 occurred"
"2","Warning: glm.fit: algorithm did not converge"
"2","Warning: glm.fit: fitted probabilities numerically 0 or 1 occurred"
"2","Warning: glm.fit: algorithm did not converge"
"2","Warning: glm.fit: fitted probabilities numerically 0 or 1 occurred"
"2","Warning: glm.fit: algorithm did not converge"
"2","Warning: glm.fit: fitted probabilities numerically 0 or 1 occurred"
"2","Warning: glm.fit: algorithm did not converge"
"2","Warning: glm.fit: fitted probabilities numerically 0 or 1 occurred"
"2","Warning: glm.fit: algorithm did not converge"
"2","Warning: glm.fit: fitted probabilities numerically 0 or 1 occurred"
"1","      "
"1"," Df"
"1","   Deviance"
"1"," AIC"
"1","
- Q6  "
"1","  1"
"1"," 2.2455e-09"
"1","  30"
"1","
- Q4  "
"1","  1"
"1"," 2.2953e-09"
"1","  30"
"1","
- Q47 "
"1","  1"
"1"," 2.3939e-09"
"1","  30"
"1","
- Q48 "
"1","  1"
"1"," 2.5339e-09"
"1","  30"
"1","
- Q23 "
"1","  1"
"1"," 2.5829e-09"
"1","  30"
"1","
- Q49 "
"1","  1"
"1"," 2.5871e-09"
"1","  30"
"1","
- Q17 "
"1","  1"
"1"," 2.6419e-09"
"1","  30"
"1","
- Q24 "
"1","  1"
"1"," 2.6633e-09"
"1","  30"
"1","
- Q12 "
"1","  1"
"1"," 2.7086e-09"
"1","  30"
"1","
- Q26 "
"1","  1"
"1"," 2.7641e-09"
"1","  30"
"1","
- Q52 "
"1","  1"
"1"," 2.7805e-09"
"1","  30"
"1","
- Q46 "
"1","  1"
"1"," 2.9374e-09"
"1","  30"
"1","
- Q54 "
"1","  1"
"1"," 3.0079e-09"
"1","  30"
"1","
- Q14 "
"1","  1"
"1"," 3.0943e-09"
"1","  30"
"1","
- Q40 "
"1","  1"
"1"," 9.1280e-09"
"1","  30"
"1","
<none>"
"1","   "
"1"," 2.1393e-09"
"1","  32"
"1","
"
"2","Warning: glm.fit: algorithm did not converge"
"2","Warning: glm.fit: fitted probabilities numerically 0 or 1 occurred"
"1","
Step:  AIC="
"1",""
"1","30"
"1",""
"1","
"
"1",""
"1","Divorce ~ Q4 + Q12 + Q14 + Q17 + Q23 + Q24 + Q26 + Q40 + Q46 + "
"1",""
"1","
    Q47 + Q48 + Q49 + Q52 + Q54"
"1",""
"1","

"
"2","Warning: glm.fit: algorithm did not converge"
"2","Warning: glm.fit: fitted probabilities numerically 0 or 1 occurred"
"2","Warning: glm.fit: algorithm did not converge"
"2","Warning: glm.fit: fitted probabilities numerically 0 or 1 occurred"
"2","Warning: glm.fit: algorithm did not converge"
"2","Warning: glm.fit: fitted probabilities numerically 0 or 1 occurred"
"2","Warning: glm.fit: algorithm did not converge"
"2","Warning: glm.fit: fitted probabilities numerically 0 or 1 occurred"
"2","Warning: glm.fit: algorithm did not converge"
"2","Warning: glm.fit: fitted probabilities numerically 0 or 1 occurred"
"2","Warning: glm.fit: algorithm did not converge"
"2","Warning: glm.fit: fitted probabilities numerically 0 or 1 occurred"
"2","Warning: glm.fit: algorithm did not converge"
"2","Warning: glm.fit: fitted probabilities numerically 0 or 1 occurred"
"2","Warning: glm.fit: algorithm did not converge"
"2","Warning: glm.fit: fitted probabilities numerically 0 or 1 occurred"
"2","Warning: glm.fit: algorithm did not converge"
"2","Warning: glm.fit: fitted probabilities numerically 0 or 1 occurred"
"2","Warning: glm.fit: algorithm did not converge"
"2","Warning: glm.fit: fitted probabilities numerically 0 or 1 occurred"
"2","Warning: glm.fit: algorithm did not converge"
"2","Warning: glm.fit: fitted probabilities numerically 0 or 1 occurred"
"2","Warning: glm.fit: algorithm did not converge"
"2","Warning: glm.fit: fitted probabilities numerically 0 or 1 occurred"
"2","Warning: glm.fit: algorithm did not converge"
"2","Warning: glm.fit: fitted probabilities numerically 0 or 1 occurred"
"2","Warning: glm.fit: algorithm did not converge"
"2","Warning: glm.fit: fitted probabilities numerically 0 or 1 occurred"
"1","      "
"1"," Df"
"1","   Deviance"
"1"," AIC"
"1","
- Q4  "
"1","  1"
"1"," 2.3057e-09"
"1","  28"
"1","
- Q47 "
"1","  1"
"1"," 2.4024e-09"
"1","  28"
"1","
- Q48 "
"1","  1"
"1"," 2.6084e-09"
"1","  28"
"1","
- Q49 "
"1","  1"
"1"," 2.6791e-09"
"1","  28"
"1","
- Q23 "
"1","  1"
"1"," 2.8216e-09"
"1","  28"
"1","
- Q24 "
"1","  1"
"1"," 2.8325e-09"
"1","  28"
"1","
- Q26 "
"1","  1"
"1"," 2.8715e-09"
"1","  28"
"1","
- Q52 "
"1","  1"
"1"," 2.9733e-09"
"1","  28"
"1","
- Q12 "
"1","  1"
"1"," 3.1223e-09"
"1","  28"
"1","
- Q54 "
"1","  1"
"1"," 3.3947e-09"
"1","  28"
"1","
- Q46 "
"1","  1"
"1"," 3.4315e-09"
"1","  28"
"1","
- Q14 "
"1","  1"
"1"," 3.5027e-09"
"1","  28"
"1","
- Q17 "
"1","  1"
"1"," 3.6519e-09"
"1","  28"
"1","
- Q40 "
"1","  1"
"1"," 9.2549e-09"
"1","  28"
"1","
<none>"
"1","   "
"1"," 2.2455e-09"
"1","  30"
"1","
"
"2","Warning: glm.fit: algorithm did not converge"
"2","Warning: glm.fit: fitted probabilities numerically 0 or 1 occurred"
"1","
Step:  AIC="
"1",""
"1","28"
"1",""
"1","
"
"1",""
"1","Divorce ~ Q12 + Q14 + Q17 + Q23 + Q24 + Q26 + Q40 + Q46 + Q47 + "
"1",""
"1","
    Q48 + Q49 + Q52 + Q54"
"1",""
"1","

"
"2","Warning: glm.fit: algorithm did not converge"
"2","Warning: glm.fit: fitted probabilities numerically 0 or 1 occurred"
"2","Warning: glm.fit: algorithm did not converge"
"2","Warning: glm.fit: fitted probabilities numerically 0 or 1 occurred"
"2","Warning: glm.fit: algorithm did not converge"
"2","Warning: glm.fit: fitted probabilities numerically 0 or 1 occurred"
"2","Warning: glm.fit: algorithm did not converge"
"2","Warning: glm.fit: fitted probabilities numerically 0 or 1 occurred"
"2","Warning: glm.fit: algorithm did not converge"
"2","Warning: glm.fit: fitted probabilities numerically 0 or 1 occurred"
"2","Warning: glm.fit: algorithm did not converge"
"2","Warning: glm.fit: fitted probabilities numerically 0 or 1 occurred"
"2","Warning: glm.fit: algorithm did not converge"
"2","Warning: glm.fit: fitted probabilities numerically 0 or 1 occurred"
"2","Warning: glm.fit: algorithm did not converge"
"2","Warning: glm.fit: fitted probabilities numerically 0 or 1 occurred"
"2","Warning: glm.fit: algorithm did not converge"
"2","Warning: glm.fit: fitted probabilities numerically 0 or 1 occurred"
"2","Warning: glm.fit: algorithm did not converge"
"2","Warning: glm.fit: fitted probabilities numerically 0 or 1 occurred"
"2","Warning: glm.fit: algorithm did not converge"
"2","Warning: glm.fit: fitted probabilities numerically 0 or 1 occurred"
"2","Warning: glm.fit: algorithm did not converge"
"2","Warning: glm.fit: fitted probabilities numerically 0 or 1 occurred"
"2","Warning: glm.fit: algorithm did not converge"
"2","Warning: glm.fit: fitted probabilities numerically 0 or 1 occurred"
"1","      "
"1"," Df"
"1","   Deviance"
"1"," AIC"
"1","
- Q47 "
"1","  1"
"1"," 2.4166e-09"
"1","  26"
"1","
- Q48 "
"1","  1"
"1"," 2.6215e-09"
"1","  26"
"1","
- Q23 "
"1","  1"
"1"," 2.8503e-09"
"1","  26"
"1","
- Q24 "
"1","  1"
"1"," 2.9044e-09"
"1","  26"
"1","
- Q26 "
"1","  1"
"1"," 2.9917e-09"
"1","  26"
"1","
- Q49 "
"1","  1"
"1"," 3.0402e-09"
"1","  26"
"1","
- Q12 "
"1","  1"
"1"," 3.1497e-09"
"1","  26"
"1","
- Q52 "
"1","  1"
"1"," 3.2904e-09"
"1","  26"
"1","
- Q54 "
"1","  1"
"1"," 3.4108e-09"
"1","  26"
"1","
- Q46 "
"1","  1"
"1"," 3.4951e-09"
"1","  26"
"1","
- Q14 "
"1","  1"
"1"," 3.5228e-09"
"1","  26"
"1","
- Q17 "
"1","  1"
"1"," 4.3274e-09"
"1","  26"
"1","
- Q40 "
"1","  1"
"1"," 1.0115e-08"
"1","  26"
"1","
<none>"
"1","   "
"1"," 2.3057e-09"
"1","  28"
"1","
"
"2","Warning: glm.fit: algorithm did not converge"
"2","Warning: glm.fit: fitted probabilities numerically 0 or 1 occurred"
"1","
Step:  AIC="
"1",""
"1","26"
"1",""
"1","
"
"1",""
"1","Divorce ~ Q12 + Q14 + Q17 + Q23 + Q24 + Q26 + Q40 + Q46 + Q48 + "
"1",""
"1","
    Q49 + Q52 + Q54"
"1",""
"1","

"
"2","Warning: glm.fit: algorithm did not converge"
"2","Warning: glm.fit: fitted probabilities numerically 0 or 1 occurred"
"2","Warning: glm.fit: algorithm did not converge"
"2","Warning: glm.fit: fitted probabilities numerically 0 or 1 occurred"
"2","Warning: glm.fit: algorithm did not converge"
"2","Warning: glm.fit: fitted probabilities numerically 0 or 1 occurred"
"2","Warning: glm.fit: algorithm did not converge"
"2","Warning: glm.fit: fitted probabilities numerically 0 or 1 occurred"
"2","Warning: glm.fit: algorithm did not converge"
"2","Warning: glm.fit: fitted probabilities numerically 0 or 1 occurred"
"2","Warning: glm.fit: algorithm did not converge"
"2","Warning: glm.fit: fitted probabilities numerically 0 or 1 occurred"
"2","Warning: glm.fit: algorithm did not converge"
"2","Warning: glm.fit: fitted probabilities numerically 0 or 1 occurred"
"2","Warning: glm.fit: algorithm did not converge"
"2","Warning: glm.fit: fitted probabilities numerically 0 or 1 occurred"
"2","Warning: glm.fit: algorithm did not converge"
"2","Warning: glm.fit: fitted probabilities numerically 0 or 1 occurred"
"2","Warning: glm.fit: algorithm did not converge"
"2","Warning: glm.fit: fitted probabilities numerically 0 or 1 occurred"
"2","Warning: glm.fit: algorithm did not converge"
"2","Warning: glm.fit: fitted probabilities numerically 0 or 1 occurred"
"2","Warning: glm.fit: algorithm did not converge"
"2","Warning: glm.fit: fitted probabilities numerically 0 or 1 occurred"
"1","      "
"1"," Df"
"1","   Deviance"
"1"," AIC"
"1","
- Q48 "
"1","  1"
"1"," 2.6572e-09"
"1","  24"
"1","
- Q23 "
"1","  1"
"1"," 2.8493e-09"
"1","  24"
"1","
- Q24 "
"1","  1"
"1"," 2.9184e-09"
"1","  24"
"1","
- Q26 "
"1","  1"
"1"," 3.0290e-09"
"1","  24"
"1","
- Q12 "
"1","  1"
"1"," 3.1564e-09"
"1","  24"
"1","
- Q52 "
"1","  1"
"1"," 3.4216e-09"
"1","  24"
"1","
- Q46 "
"1","  1"
"1"," 3.5478e-09"
"1","  24"
"1","
- Q54 "
"1","  1"
"1"," 3.5489e-09"
"1","  24"
"1","
- Q14 "
"1","  1"
"1"," 3.5507e-09"
"1","  24"
"1","
- Q49 "
"1","  1"
"1"," 3.9437e-09"
"1","  24"
"1","
- Q17 "
"1","  1"
"1"," 4.6515e-09"
"1","  24"
"1","
- Q40 "
"1","  1"
"1"," 1.0088e-08"
"1","  24"
"1","
<none>"
"1","   "
"1"," 2.4166e-09"
"1","  26"
"1","
"
"2","Warning: glm.fit: algorithm did not converge"
"2","Warning: glm.fit: fitted probabilities numerically 0 or 1 occurred"
"1","
Step:  AIC="
"1",""
"1","24"
"1",""
"1","
"
"1",""
"1","Divorce ~ Q12 + Q14 + Q17 + Q23 + Q24 + Q26 + Q40 + Q46 + Q49 + "
"1",""
"1","
    Q52 + Q54"
"1",""
"1","

"
"2","Warning: glm.fit: algorithm did not converge"
"2","Warning: glm.fit: fitted probabilities numerically 0 or 1 occurred"
"2","Warning: glm.fit: algorithm did not converge"
"2","Warning: glm.fit: fitted probabilities numerically 0 or 1 occurred"
"2","Warning: glm.fit: algorithm did not converge"
"2","Warning: glm.fit: fitted probabilities numerically 0 or 1 occurred"
"2","Warning: glm.fit: algorithm did not converge"
"2","Warning: glm.fit: fitted probabilities numerically 0 or 1 occurred"
"2","Warning: glm.fit: algorithm did not converge"
"2","Warning: glm.fit: fitted probabilities numerically 0 or 1 occurred"
"2","Warning: glm.fit: algorithm did not converge"
"2","Warning: glm.fit: fitted probabilities numerically 0 or 1 occurred"
"2","Warning: glm.fit: algorithm did not converge"
"2","Warning: glm.fit: fitted probabilities numerically 0 or 1 occurred"
"2","Warning: glm.fit: algorithm did not converge"
"2","Warning: glm.fit: fitted probabilities numerically 0 or 1 occurred"
"2","Warning: glm.fit: algorithm did not converge"
"2","Warning: glm.fit: fitted probabilities numerically 0 or 1 occurred"
"2","Warning: glm.fit: algorithm did not converge"
"2","Warning: glm.fit: fitted probabilities numerically 0 or 1 occurred"
"2","Warning: glm.fit: algorithm did not converge"
"2","Warning: glm.fit: fitted probabilities numerically 0 or 1 occurred"
"1","      "
"1"," Df"
"1","   Deviance"
"1"," AIC"
"1","
- Q23 "
"1","  1"
"1"," 2.9746e-09"
"1","  22"
"1","
- Q24 "
"1","  1"
"1"," 3.1051e-09"
"1","  22"
"1","
- Q26 "
"1","  1"
"1"," 3.1069e-09"
"1","  22"
"1","
- Q12 "
"1","  1"
"1"," 3.2221e-09"
"1","  22"
"1","
- Q14 "
"1","  1"
"1"," 3.5306e-09"
"1","  22"
"1","
- Q52 "
"1","  1"
"1"," 3.5925e-09"
"1","  22"
"1","
- Q46 "
"1","  1"
"1"," 3.6539e-09"
"1","  22"
"1","
- Q54 "
"1","  1"
"1"," 3.7920e-09"
"1","  22"
"1","
- Q49 "
"1","  1"
"1"," 4.0265e-09"
"1","  22"
"1","
- Q17 "
"1","  1"
"1"," 7.8175e-09"
"1","  22"
"1","
- Q40 "
"1","  1"
"1"," 1.5527e-08"
"1","  22"
"1","
<none>"
"1","   "
"1"," 2.6572e-09"
"1","  24"
"1","
"
"2","Warning: glm.fit: algorithm did not converge"
"2","Warning: glm.fit: fitted probabilities numerically 0 or 1 occurred"
"1","
Step:  AIC="
"1",""
"1","22"
"1",""
"1","
"
"1",""
"1","Divorce ~ Q12 + Q14 + Q17 + Q24 + Q26 + Q40 + Q46 + Q49 + Q52 + "
"1",""
"1","
    Q54"
"1",""
"1","

"
"2","Warning: glm.fit: algorithm did not converge"
"2","Warning: glm.fit: fitted probabilities numerically 0 or 1 occurred"
"2","Warning: glm.fit: algorithm did not converge"
"2","Warning: glm.fit: fitted probabilities numerically 0 or 1 occurred"
"2","Warning: glm.fit: algorithm did not converge"
"2","Warning: glm.fit: fitted probabilities numerically 0 or 1 occurred"
"2","Warning: glm.fit: algorithm did not converge"
"2","Warning: glm.fit: fitted probabilities numerically 0 or 1 occurred"
"2","Warning: glm.fit: algorithm did not converge"
"2","Warning: glm.fit: fitted probabilities numerically 0 or 1 occurred"
"2","Warning: glm.fit: algorithm did not converge"
"2","Warning: glm.fit: fitted probabilities numerically 0 or 1 occurred"
"2","Warning: glm.fit: algorithm did not converge"
"2","Warning: glm.fit: fitted probabilities numerically 0 or 1 occurred"
"2","Warning: glm.fit: algorithm did not converge"
"2","Warning: glm.fit: fitted probabilities numerically 0 or 1 occurred"
"2","Warning: glm.fit: algorithm did not converge"
"2","Warning: glm.fit: fitted probabilities numerically 0 or 1 occurred"
"2","Warning: glm.fit: algorithm did not converge"
"2","Warning: glm.fit: fitted probabilities numerically 0 or 1 occurred"
"1","      "
"1"," Df"
"1","   Deviance"
"1"," AIC"
"1","
- Q26 "
"1","  1"
"1"," 3.5802e-09"
"1","  20"
"1","
- Q49 "
"1","  1"
"1"," 4.0706e-09"
"1","  20"
"1","
- Q52 "
"1","  1"
"1"," 4.1642e-09"
"1","  20"
"1","
- Q46 "
"1","  1"
"1"," 4.3548e-09"
"1","  20"
"1","
- Q12 "
"1","  1"
"1"," 4.3574e-09"
"1","  20"
"1","
- Q14 "
"1","  1"
"1"," 4.5334e-09"
"1","  20"
"1","
- Q54 "
"1","  1"
"1"," 4.7631e-09"
"1","  20"
"1","
- Q24 "
"1","  1"
"1"," 4.9458e-09"
"1","  20"
"1","
- Q17 "
"1","  1"
"1"," 7.9350e-09"
"1","  20"
"1","
- Q40 "
"1","  1"
"1"," 1.5927e-08"
"1","  20"
"1","
<none>"
"1","   "
"1"," 2.9746e-09"
"1","  22"
"1","
"
"2","Warning: glm.fit: algorithm did not converge"
"2","Warning: glm.fit: fitted probabilities numerically 0 or 1 occurred"
"1","
Step:  AIC="
"1",""
"1","20"
"1",""
"1","
"
"1",""
"1","Divorce ~ Q12 + Q14 + Q17 + Q24 + Q40 + Q46 + Q49 + Q52 + Q54"
"1",""
"1","

"
"2","Warning: glm.fit: algorithm did not converge"
"2","Warning: glm.fit: fitted probabilities numerically 0 or 1 occurred"
"2","Warning: glm.fit: algorithm did not converge"
"2","Warning: glm.fit: fitted probabilities numerically 0 or 1 occurred"
"2","Warning: glm.fit: algorithm did not converge"
"2","Warning: glm.fit: fitted probabilities numerically 0 or 1 occurred"
"2","Warning: glm.fit: algorithm did not converge"
"2","Warning: glm.fit: fitted probabilities numerically 0 or 1 occurred"
"2","Warning: glm.fit: algorithm did not converge"
"2","Warning: glm.fit: fitted probabilities numerically 0 or 1 occurred"
"2","Warning: glm.fit: algorithm did not converge"
"2","Warning: glm.fit: fitted probabilities numerically 0 or 1 occurred"
"2","Warning: glm.fit: algorithm did not converge"
"2","Warning: glm.fit: fitted probabilities numerically 0 or 1 occurred"
"2","Warning: glm.fit: algorithm did not converge"
"2","Warning: glm.fit: fitted probabilities numerically 0 or 1 occurred"
"2","Warning: glm.fit: algorithm did not converge"
"2","Warning: glm.fit: fitted probabilities numerically 0 or 1 occurred"
"1","      "
"1"," Df"
"1","   Deviance"
"1"," AIC"
"1","
- Q12 "
"1","  1"
"1"," 4.7067e-09"
"1","  18"
"1","
- Q52 "
"1","  1"
"1"," 5.1631e-09"
"1","  18"
"1","
- Q46 "
"1","  1"
"1"," 6.0974e-09"
"1","  18"
"1","
- Q14 "
"1","  1"
"1"," 6.1222e-09"
"1","  18"
"1","
- Q49 "
"1","  1"
"1"," 6.3795e-09"
"1","  18"
"1","
- Q24 "
"1","  1"
"1"," 6.6787e-09"
"1","  18"
"1","
- Q54 "
"1","  1"
"1"," 6.8101e-09"
"1","  18"
"1","
- Q17 "
"1","  1"
"1"," 1.6176e-08"
"1","  18"
"1","
- Q40 "
"1","  1"
"1"," 1.8327e-08"
"1","  18"
"1","
<none>"
"1","   "
"1"," 3.5802e-09"
"1","  20"
"1","
"
"2","Warning: glm.fit: algorithm did not converge"
"2","Warning: glm.fit: fitted probabilities numerically 0 or 1 occurred"
"1","
Step:  AIC="
"1",""
"1","18"
"1",""
"1","
"
"1",""
"1","Divorce ~ Q14 + Q17 + Q24 + Q40 + Q46 + Q49 + Q52 + Q54"
"1",""
"1","

"
"2","Warning: glm.fit: algorithm did not converge"
"2","Warning: glm.fit: fitted probabilities numerically 0 or 1 occurred"
"2","Warning: glm.fit: algorithm did not converge"
"2","Warning: glm.fit: fitted probabilities numerically 0 or 1 occurred"
"2","Warning: glm.fit: algorithm did not converge"
"2","Warning: glm.fit: fitted probabilities numerically 0 or 1 occurred"
"2","Warning: glm.fit: algorithm did not converge"
"2","Warning: glm.fit: fitted probabilities numerically 0 or 1 occurred"
"2","Warning: glm.fit: algorithm did not converge"
"2","Warning: glm.fit: fitted probabilities numerically 0 or 1 occurred"
"2","Warning: glm.fit: algorithm did not converge"
"2","Warning: glm.fit: fitted probabilities numerically 0 or 1 occurred"
"2","Warning: glm.fit: algorithm did not converge"
"2","Warning: glm.fit: fitted probabilities numerically 0 or 1 occurred"
"2","Warning: glm.fit: algorithm did not converge"
"2","Warning: glm.fit: fitted probabilities numerically 0 or 1 occurred"
"1","      "
"1"," Df"
"1","   Deviance"
"1"," AIC"
"1","
- Q46 "
"1","  1"
"1"," 6.1669e-09"
"1","  16"
"1","
- Q52 "
"1","  1"
"1"," 6.3876e-09"
"1","  16"
"1","
- Q54 "
"1","  1"
"1"," 6.7998e-09"
"1","  16"
"1","
- Q49 "
"1","  1"
"1"," 7.5552e-09"
"1","  16"
"1","
- Q24 "
"1","  1"
"1"," 7.7126e-09"
"1","  16"
"1","
- Q14 "
"1","  1"
"1"," 9.5487e-09"
"1","  16"
"1","
- Q40 "
"1","  1"
"1"," 1.9921e-08"
"1","  16"
"1","
- Q17 "
"1","  1"
"1"," 2.4189e-08"
"1","  16"
"1","
<none>"
"1","   "
"1"," 4.7067e-09"
"1","  18"
"1","
"
"2","Warning: glm.fit: algorithm did not converge"
"2","Warning: glm.fit: fitted probabilities numerically 0 or 1 occurred"
"1","
Step:  AIC="
"1",""
"1","16"
"1",""
"1","
"
"1",""
"1","Divorce ~ Q14 + Q17 + Q24 + Q40 + Q49 + Q52 + Q54"
"1",""
"1","

"
"2","Warning: glm.fit: algorithm did not converge"
"2","Warning: glm.fit: fitted probabilities numerically 0 or 1 occurred"
"2","Warning: glm.fit: algorithm did not converge"
"2","Warning: glm.fit: fitted probabilities numerically 0 or 1 occurred"
"2","Warning: glm.fit: algorithm did not converge"
"2","Warning: glm.fit: fitted probabilities numerically 0 or 1 occurred"
"2","Warning: glm.fit: algorithm did not converge"
"2","Warning: glm.fit: fitted probabilities numerically 0 or 1 occurred"
"2","Warning: glm.fit: algorithm did not converge"
"2","Warning: glm.fit: fitted probabilities numerically 0 or 1 occurred"
"2","Warning: glm.fit: algorithm did not converge"
"2","Warning: glm.fit: fitted probabilities numerically 0 or 1 occurred"
"2","Warning: glm.fit: algorithm did not converge"
"2","Warning: glm.fit: fitted probabilities numerically 0 or 1 occurred"
"1","      "
"1"," Df"
"1","   Deviance"
"1"," AIC"
"1","
- Q52 "
"1","  1"
"1"," 6.9450e-09"
"1","  14"
"1","
- Q54 "
"1","  1"
"1"," 7.4770e-09"
"1","  14"
"1","
- Q49 "
"1","  1"
"1"," 1.1379e-08"
"1","  14"
"1","
- Q24 "
"1","  1"
"1"," 1.1608e-08"
"1","  14"
"1","
- Q14 "
"1","  1"
"1"," 1.3174e-08"
"1","  14"
"1","
- Q40 "
"1","  1"
"1"," 4.2853e-08"
"1","  14"
"1","
- Q17 "
"1","  1"
"1"," 5.1576e-08"
"1","  14"
"1","
<none>"
"1","   "
"1"," 6.1670e-09"
"1","  16"
"1","
"
"2","Warning: glm.fit: algorithm did not converge"
"2","Warning: glm.fit: fitted probabilities numerically 0 or 1 occurred"
"1","
Step:  AIC="
"1",""
"1","14"
"1",""
"1","
"
"1",""
"1","Divorce ~ Q14 + Q17 + Q24 + Q40 + Q49 + Q54"
"1",""
"1","

"
"2","Warning: glm.fit: algorithm did not converge"
"2","Warning: glm.fit: fitted probabilities numerically 0 or 1 occurred"
"2","Warning: glm.fit: fitted probabilities numerically 0 or 1 occurred"
"2","Warning: glm.fit: algorithm did not converge"
"2","Warning: glm.fit: fitted probabilities numerically 0 or 1 occurred"
"2","Warning: glm.fit: fitted probabilities numerically 0 or 1 occurred"
"2","Warning: glm.fit: algorithm did not converge"
"2","Warning: glm.fit: fitted probabilities numerically 0 or 1 occurred"
"2","Warning: glm.fit: algorithm did not converge"
"2","Warning: glm.fit: fitted probabilities numerically 0 or 1 occurred"
"1","      "
"1"," Df"
"1"," Deviance"
"1","    AIC"
"1","
- Q54 "
"1","  1"
"1","   0.0000"
"1"," 12.000"
"1","
- Q49 "
"1","  1"
"1","   0.0000"
"1"," 12.000"
"1","
- Q24 "
"1","  1"
"1","   0.0000"
"1"," 12.000"
"1","
- Q14 "
"1","  1"
"1","   0.0000"
"1"," 12.000"
"1","
<none>"
"1","   "
"1","   0.0000"
"1"," 14.000"
"1","
- Q17 "
"1","  1"
"1","   2.7726"
"1"," 14.773"
"1","
- Q40 "
"1","  1"
"1","   7.8415"
"1"," 19.841"
"1","
"
"2","Warning: glm.fit: algorithm did not converge"
"2","Warning: glm.fit: fitted probabilities numerically 0 or 1 occurred"
"1","
Step:  AIC="
"1",""
"1","12"
"1",""
"1","
"
"1",""
"1","Divorce ~ Q14 + Q17 + Q24 + Q40 + Q49"
"1",""
"1","

"
"2","Warning: glm.fit: algorithm did not converge"
"2","Warning: glm.fit: fitted probabilities numerically 0 or 1 occurred"
"2","Warning: glm.fit: fitted probabilities numerically 0 or 1 occurred"
"2","Warning: glm.fit: algorithm did not converge"
"2","Warning: glm.fit: fitted probabilities numerically 0 or 1 occurred"
"2","Warning: glm.fit: fitted probabilities numerically 0 or 1 occurred"
"2","Warning: glm.fit: algorithm did not converge"
"2","Warning: glm.fit: fitted probabilities numerically 0 or 1 occurred"
"1","      "
"1"," Df"
"1"," Deviance"
"1","    AIC"
"1","
- Q49 "
"1","  1"
"1","   0.0000"
"1"," 10.000"
"1","
- Q24 "
"1","  1"
"1","   0.0000"
"1"," 10.000"
"1","
- Q14 "
"1","  1"
"1","   0.0000"
"1"," 10.000"
"1","
<none>"
"1","   "
"1","   0.0000"
"1"," 12.000"
"1","
- Q17 "
"1","  1"
"1","   2.7726"
"1"," 12.773"
"1","
- Q40 "
"1","  1"
"1","   7.8647"
"1"," 17.865"
"1","
"
"2","Warning: glm.fit: algorithm did not converge"
"2","Warning: glm.fit: fitted probabilities numerically 0 or 1 occurred"
"1","
Step:  AIC="
"1",""
"1","10"
"1",""
"1","
"
"1",""
"1","Divorce ~ Q14 + Q17 + Q24 + Q40"
"1",""
"1","

"
"2","Warning: glm.fit: algorithm did not converge"
"2","Warning: glm.fit: fitted probabilities numerically 0 or 1 occurred"
"2","Warning: glm.fit: algorithm did not converge"
"2","Warning: glm.fit: fitted probabilities numerically 0 or 1 occurred"
"1","      "
"1"," Df"
"1"," Deviance"
"1","    AIC"
"1","
<none>"
"1","   "
"1","   0.0000"
"1"," 10.000"
"1","
- Q24 "
"1","  1"
"1","   2.7726"
"1"," 10.773"
"1","
- Q14 "
"1","  1"
"1","   2.7726"
"1"," 10.773"
"1","
- Q17 "
"1","  1"
"1","  12.5243"
"1"," 20.524"
"1","
- Q40 "
"1","  1"
"1","  16.7864"
"1"," 24.786"
"1","
"
"1","
Call:  "
"1",""
"1","glm(formula = Divorce ~ Q14 + Q17 + Q24 + Q40, family = ""binomial"", 
    data = divorce_dataset)"
"1",""
"1","

"
"1","Coefficients"
"1",":
"
"1","(Intercept)  "
"1","        Q14  "
"1","        Q17  "
"1","        Q24  "
"1","        Q40  "
"1","
"
"1","      21.71  "
"1","     -40.94  "
"1","     -42.63  "
"1","      52.16  "
"1","      39.84  "
"1","
"
"1","
Degrees of Freedom:"
"1"," "
"1","169"
"1"," "
"1","Total (i.e. Null); "
"1"," "
"1","165"
"1"," "
"1","Residual
"
"1","Null Deviance:	   "
"1"," "
"1","235.6"
"1"," "
"1","
Residual Deviance:"
"1"," "
"1","1.567e-08"
"1"," "
"1","	AIC:"
"1"," "
"1","10"
"1","
"
